tag_name,tag,opacity,fill_h_cos,fill_h_sin,fill_s_n,fill_l_n,stroke_h_cos,stroke_h_sin,stroke_s_n,stroke_l_n,stroke_width,bbox_left_n,bbox_right_n,bbox_top_n,bbox_bottom_n,bbox_mds_1,bbox_mds_2,bbox_width_n,bbox_height_n,bbox_fill_area
svg/g_4/g_10/path_9,0.75,1.0,0.038299131430802935,0.3080825490934995,0.9905660377358493,0.5843137254901961,0.0,0.0,0.0,0.0,0.0,0.0,0.3789209535759097,0.27893869350385186,0.33993823284601676,0.19786075519025487,0.11336153842155966,0.37892095357590966,0.06099953934216494,0.7413300190304101
svg/g_4/g_9/path_8,0.75,1.0,0.2694537492753373,0.05632396247171412,0.5042735042735044,0.5411764705882354,0.0,0.0,0.0,0.0,0.0,0.0,0.18946047678795486,0.2725947414122668,0.33966983487291125,0.0,0.0,0.18946047678795483,0.06707509346064454,0.5937483015624272
svg/g_4/g_7/path_6,0.75,1.0,0.06583354635423755,0.7479909081572589,1.0,0.44313725490196076,0.0,0.0,0.0,0.0,0.0,0.0,0.24471978251777504,0.23748340656691658,0.3394746363470163,0.1712703801182541,0.016732231871210486,0.24471978251777504,0.10199122978009978,0.7800128081291249
svg/g_4/g_5/path_4,0.75,1.0,0.9810593150584657,0.6363155728281985,0.9901477832512317,0.6019607843137255,0.0,0.0,0.0,0.0,0.0,0.07104767879548306,0.3789209535759097,0.0,0.3395966354257007,0.893486337402842,0.07841768459576473,0.30787327478042664,0.3395966354257007,0.8919404153155306
svg/g_3/path_3,0.75,1.0,0.10087684049605344,0.1988344250290428,0.3767441860465117,0.5784313725490197,0.0,0.0,0.0,0.0,0.0,0.6447616060225847,1.0,0.36163982078424395,1.0,0.44991580696180417,1.0,0.3552383939774153,0.638360179215756,0.7481531077744692
svg/g_1/path_1,0.75,1.0,0.6251037890016391,0.015903891796852587,0.9483870967741936,0.696078431372549,0.0,0.0,0.0,0.0,0.0,0.6644970723546633,1.0,0.17553022625129872,0.9613262920570674,1.0,0.9596672369769538,0.3355029276453367,0.7857960658057688,0.7834801825504768
