{
  "1": {
    "PCR": 0.9456700742820797,
    "EGA": 0.8951689168969462,
    "AC": 0.9264928147795337
  },
  "2": {
    "PCR": 0.8339260802291321,
    "EGA": 0.9862589846809501,
    "AC": 0.979743750813846
  },
  "3": {
    "PCR": 0.6787856796629401,
    "EGA": 0.8805649011504161,
    "AC": 0.7869444088392475
  },
  "4": {
    "PCR": 0.9082156168489076,
    "EGA": 0.9817981513044693,
    "AC": 0.8449595328308758
  },
  "5": {
    "PCR": 0.8747350457424351,
    "EGA": 0.8609993762115198,
    "AC": 0.8656574779155173
  },
  "6": {
    "PCR": 0.8086478212618047,
    "EGA": 0.7933451176818017,
    "AC": 0.8622014177210046
  },
  "7": {
    "PCR": 0.8256814940860167,
    "EGA": 0.6487468386924012,
    "AC": 0.678420639591396
  },
  "8": {
    "PCR": 0.9253002051618054,
    "EGA": 0.8091726830100615,
    "AC": 0.7895258672360226
  },
  "9": {
    "PCR": 0.8362290478248342,
    "EGA": 0.6625769138562989,
    "AC": 0.8001550624315252
  },
  "10": {
    "PCR": 0.9362286665241353,
    "EGA": 1.0,
    "AC": 0.9381712310753847
  },
  "11": {
    "PCR": 0.8617398743911948,
    "EGA": 0.8166932853980872,
    "AC": 0.6146930822120534
  },
  "12": {
    "PCR": 0.9732930402930402,
    "EGA": 0.8405941583792008,
    "AC": 0.6184368274379635
  },
  "13": {
    "PCR": 0.8500387514854425,
    "EGA": 1.0,
    "AC": 0.9219854214552682
  },
  "14": {
    "PCR": 0.9445172371488162,
    "EGA": 0.85009627433037,
    "AC": 0.6238710642935683
  },
  "15": {
    "PCR": 0.9350305461232623,
    "EGA": 0.8281355339475701,
    "AC": 0.7474580438505236
  },
  "16": {
    "PCR": 0.90498791963466,
    "EGA": 0.9303547554493874,
    "AC": 0.7061389911502808
  },
  "17": {
    "PCR": 0.9278616624244097,
    "EGA": 0.7604894909954205,
    "AC": 0.6046517297422526
  },
  "18": {
    "PCR": 0.3736957075502258,
    "EGA": 1.0,
    "AC": 0.7623326897501712
  },
  "19": {
    "PCR": 0.764304092132124,
    "EGA": 0.8204669242989869,
    "AC": 0.7893588355457839
  },
  "20": {
    "PCR": 0.8995573949567179,
    "EGA": 0.9917450439755459,
    "AC": 0.611475417527085
  },
  "statistics": {
    "file_count": 20,
    "metrics_summary": {
      "EGA": {
        "mean": 0.8678603675129717,
        "std": 0.1043476119630639
      },
      "PCR": {
        "mean": 0.8504222978881992,
        "std": 0.12953255214929357
      },
      "AC": {
        "mean": 0.7736337153099652,
        "std": 0.11806135591363608
      }
    }
  }
}
