{
  "individual_results": {
    "1": {
      "PCR": 0.895168916896946,
      "EGA": 0.9456700742820797,
      "AC": 0.9264928147795337
    },
    "2": {
      "PCR": 0.9010075788313618,
      "EGA": 0.8196189181426996,
      "AC": 0.970763693008371
    },
    "3": {
      "PCR": 0.8805649011504161,
      "EGA": 0.6787856796629401,
      "AC": 0.7869444088392475
    },
    "4": {
      "PCR": 0.9486342084134043,
      "EGA": 0.9029652723379928,
      "AC": 0.846703836751079
    },
    "5": {
      "PCR": 0.8099091015812426,
      "EGA": 0.7780320941373899,
      "AC": 0.6987992087858012
    },
    "6": {
      "PCR": 0.6977609723057965,
      "EGA": 0.8038554642700099,
      "AC": 0.7978661024844986
    },
    "7": {
      "PCR": 0.6477632074191422,
      "EGA": 0.821709426325441,
      "AC": 0.6890693931247759
    },
    "8": {
      "PCR": 0.8791567151825342,
      "EGA": 0.8305155329483267,
      "AC": 0.7805033313154368
    },
    "9": {
      "PCR": 0.6441737740766208,
      "EGA": 0.7813962366753097,
      "AC": 0.8001550624315252
    },
    "10": {
      "PCR": 1.0,
      "EGA": 0.9361090872528913,
      "AC": 0.9292810391421911
    },
    "11": {
      "PCR": 0.8166932853980872,
      "EGA": 0.8617398743911948,
      "AC": 0.5492630221690008
    },
    "12": {
      "PCR": 0.8174919959506441,
      "EGA": 0.7892399177211676,
      "AC": 0.6053181071250238
    },
    "13": {
      "PCR": 1.0,
      "EGA": 0.8696789627855804,
      "AC": 0.9496215402225783
    },
    "14": {
      "PCR": 0.9475791648533078,
      "EGA": 0.8637330738012166,
      "AC": 0.6776324573692787
    },
    "15": {
      "PCR": 0.7874438280300223,
      "EGA": 0.9352779363252303,
      "AC": 0.7607411968507949
    },
    "16": {
      "PCR": 0.9357623091024104,
      "EGA": 0.8942576244677095,
      "AC": 0.7114443937248491
    },
    "17": {
      "PCR": 0.9380278793878848,
      "EGA": 0.8995334068245031,
      "AC": 0.6216735090978545
    },
    "18": {
      "PCR": 0.9740239285714286,
      "EGA": 0.3736957075502258,
      "AC": 0.7623326897501712
    },
    "19": {
      "PCR": 0.7935520167905259,
      "EGA": 0.8864570161686848,
      "AC": 0.7608368295908836
    },
    "20": {
      "PCR": 0.8893360416102056,
      "EGA": 0.7713928450865564,
      "AC": 0.5997812653211986
    }
  },
  "statistics": {
    "file_count": 20,
    "metrics_summary": {
      "PCR": {
        "mean": 0.8615012948490277,
        "std": 0.10594726420257244,
        "min": 0.6441737740766208,
        "max": 1.0
      },
      "EGA": {
        "mean": 0.8221832075578576,
        "std": 0.12202335411921816,
        "min": 0.3736957075502258,
        "max": 0.9456700742820797
      },
      "AC": {
        "mean": 0.7612611950942048,
        "std": 0.11821553466211944,
        "min": 0.5492630221690008,
        "max": 0.970763693008371
      }
    }
  }
}
