{
  "individual_results": {
    "1.svg": {
      "EGA": 0.5738410790508542,
      "PCR": 0.8320328767553024,
      "AC": 0.8366445032202452,
      "Cohesion": 0.014606242625091009,
      "Separation": 0.36905256332388764,
      "final_score": 0.6902579693411031,
      "quality_level": "一般"
    },
    "2.svg": {
      "EGA": 0.8665989474299729,
      "PCR": 0.6445260224507714,
      "AC": 1.03082003512399,
      "Cohesion": 0.25986593528147006,
      "Separation": 0.5597280400193433,
      "final_score": 0.7859808318229932,
      "quality_level": "良好"
    },
    "3.svg": {
      "EGA": 0.5920802014955767,
      "PCR": 0.7153329692226563,
      "AC": 0.874500200940612,
      "Cohesion": 0.03936028233622716,
      "Separation": 0.5170270178098317,
      "final_score": 0.6555023085586604,
      "quality_level": "一般"
    },
    "4.svg": {
      "EGA": 0.8014355929804196,
      "PCR": 0.7167755895463618,
      "AC": 0.9031730765031468,
      "Cohesion": 0.04465188163278309,
      "Separation": 0.4824675876854792,
      "final_score": 0.7726584657829328,
      "quality_level": "良好"
    },
    "5.svg": {
      "EGA": 0.8815586667893275,
      "PCR": 0.717272490273704,
      "AC": 0.7511599736562511,
      "Cohesion": 0.36296296296296293,
      "Separation": 0.4735786367858709,
      "final_score": 0.8093242615264243,
      "quality_level": "优秀"
    },
    "6.svg": {
      "EGA": 0.9089447086317783,
      "PCR": 0.6388016603956566,
      "AC": 0.8453245344974198,
      "Cohesion": 0.15708509142053445,
      "Separation": 0.5684617027370389,
      "final_score": 0.7977064806306118,
      "quality_level": "良好"
    },
    "7.svg": {
      "EGA": 0.7716084859633414,
      "PCR": 0.5652050086982272,
      "AC": 0.7564742644624631,
      "Cohesion": 0.015208281021280986,
      "Separation": 0.6612924662410389,
      "final_score": 0.688290383982252,
      "quality_level": "一般"
    },
    "8.svg": {
      "EGA": 0.8193323070427869,
      "PCR": 0.6982866765125069,
      "AC": 0.9856304436010526,
      "Cohesion": 0.11533344868206,
      "Separation": 0.503084024287327,
      "final_score": 0.7792289616585882,
      "quality_level": "良好"
    },
    "9.svg": {
      "EGA": 0.8904024141631309,
      "PCR": 0.6939019076447545,
      "AC": 0.8451135826091011,
      "Cohesion": 0.06527777777777778,
      "Separation": 0.5015657613197352,
      "final_score": 0.809537769978079,
      "quality_level": "优秀"
    },
    "10.svg": {
      "EGA": 0.9580029040331881,
      "PCR": 0.756194106218172,
      "AC": 0.9601670722723467,
      "Cohesion": 0.17518456661443754,
      "Separation": 0.4050229192107227,
      "final_score": 0.8773875933191397,
      "quality_level": "优秀"
    },
    "11.svg": {
      "EGA": 0.8261164017253781,
      "PCR": 0.652188870865345,
      "AC": 0.7063075743186635,
      "Cohesion": 0.04047619047619047,
      "Separation": 0.5638319047350934,
      "final_score": 0.7505549480110293,
      "quality_level": "良好"
    },
    "12.svg": {
      "EGA": 0.8441819167783182,
      "PCR": 0.6565920026602433,
      "AC": 0.9223590663677443,
      "Cohesion": 0.1471693121693122,
      "Separation": 0.5486543176521735,
      "final_score": 0.7730548086105596,
      "quality_level": "良好"
    },
    "13.svg": {
      "EGA": 0.8762074127373446,
      "PCR": 0.7572897124438119,
      "AC": 0.975579801817585,
      "Cohesion": 0.23415149665149662,
      "Separation": 0.41600825427806487,
      "final_score": 0.8336089520739437,
      "quality_level": "优秀"
    },
    "14.svg": {
      "EGA": 0.7005908674462599,
      "PCR": 0.8084294998942059,
      "AC": 0.7169960797477937,
      "Cohesion": 0.059530749334970025,
      "Separation": 0.3775440977287963,
      "final_score": 0.7445465810405151,
      "quality_level": "良好"
    },
    "15.svg": {
      "EGA": 0.7499418088841195,
      "PCR": 0.7318205195082335,
      "AC": 0.8407925572866735,
      "Cohesion": 0.07281058712238934,
      "Separation": 0.47237964925838843,
      "final_score": 0.7472358305538929,
      "quality_level": "良好"
    },
    "16.svg": {
      "EGA": 0.7454504801437892,
      "PCR": 0.7681211111024413,
      "AC": 0.7406915100241966,
      "Cohesion": 0.04085099839351111,
      "Separation": 0.4250120889946878,
      "final_score": 0.7542807840212705,
      "quality_level": "良好"
    },
    "17.svg": {
      "EGA": 0.7602595507762334,
      "PCR": 0.7560077946571806,
      "AC": 0.6442606190789983,
      "Cohesion": 0.09304534800572063,
      "Separation": 0.44127250192633993,
      "final_score": 0.7527589017437505,
      "quality_level": "良好"
    },
    "18.svg": {
      "EGA": 0.7457123698954157,
      "PCR": 0.7782331400525333,
      "AC": 0.8217288175112542,
      "Cohesion": 0.043502741158623515,
      "Separation": 0.41043539689363956,
      "final_score": 0.7625215003390547,
      "quality_level": "良好"
    },
    "19.svg": {
      "EGA": 0.8471172849205434,
      "PCR": 0.6501391322570651,
      "AC": 0.8128018429899001,
      "Cohesion": 0.08066098757828082,
      "Separation": 0.5618411156342857,
      "final_score": 0.76661025175862,
      "quality_level": "良好"
    },
    "20.svg": {
      "EGA": 0.6588579682464673,
      "PCR": 0.7781895491485844,
      "AC": 0.6488778774427852,
      "Cohesion": 0.034164386588731804,
      "Separation": 0.4301380606767266,
      "final_score": 0.7060915960671301,
      "quality_level": "良好"
    }
  },
  "statistics": {
    "file_count": 20,
    "metrics_summary": {
      "EGA": {
        "mean": 0.7909120684567122,
        "std": 0.1001187182387581
      },
      "PCR": {
        "mean": 0.7157670320153878,
        "std": 0.06487873626764644
      },
      "AC": {
        "mean": 0.8309701716736111,
        "std": 0.10828026571775537
      },
      "Cohesion": {
        "mean": 0.10479496339169259,
        "std": 0.0903908762938897
      },
      "Separation": {
        "mean": 0.4844199053599236,
        "std": 0.07481436600831495
      },
      "final_score": {
        "mean": 0.7628569590410275,
        "std": 0.05058517321801609
      }
    },
    "quality_distribution": {
      "一般": 3,
      "良好": 13,
      "优秀": 4
    }
  }
}