{
  "individual_results": {
    "1.svg": {
      "EGA": 0.8948312927344684,
      "PCR": 0.7773029175455256,
      "AC": 0.7977073623491874,
      "Cohesion": 0.04160206697919967,
      "Separation": 0.5957544444610877,
      "final_score": 0.8177605071757844,
      "quality_level": "良好"
    },
    "2.svg": {
      "EGA": 0.7663898006851961,
      "PCR": 1.0,
      "AC": 0.9782555966987756,
      "Cohesion": 0.30711703148480074,
      "Separation": 0.20288792095522817,
      "final_score": 0.9265437149704019,
      "quality_level": "优秀"
    },
    "3.svg": {
      "EGA": 0.7047049121593794,
      "PCR": 0.8757285228078696,
      "AC": 0.9293498659158154,
      "Cohesion": 0.04000455556593963,
      "Separation": 0.49410834358720435,
      "final_score": 0.8476818087762323,
      "quality_level": "良好"
    },
    "4.svg": {
      "EGA": 0.843032796738961,
      "PCR": 0.7947251770226883,
      "AC": 0.8657332054877052,
      "Cohesion": 0.06770922134970737,
      "Separation": 0.6400539903647309,
      "final_score": 0.8345242810753009,
      "quality_level": "良好"
    },
    "5.svg": {
      "EGA": 0.9221411003510409,
      "PCR": 0.8826879035093708,
      "AC": 0.6210252483432301,
      "Cohesion": 0.38222222222222224,
      "Separation": 0.6662962962962964,
      "final_score": 0.7969196162135663,
      "quality_level": "良好"
    },
    "6.svg": {
      "EGA": 0.7797709414326697,
      "PCR": 0.7616880363776408,
      "AC": 0.7775199010436082,
      "Cohesion": 0.20371542428504455,
      "Separation": 0.6799240019240018,
      "final_score": 0.7726090397194569,
      "quality_level": "良好"
    },
    "7.svg": {
      "EGA": 0.7448507691239031,
      "PCR": 0.8512727281652778,
      "AC": 0.7920713281578559,
      "Cohesion": 0.018991928919110123,
      "Separation": 0.5030958670668723,
      "final_score": 0.7995700616309467,
      "quality_level": "良好"
    },
    "8.svg": {
      "EGA": 0.9236207319391133,
      "PCR": 1.0,
      "AC": 0.9140509960072184,
      "Cohesion": 0.12684415878926913,
      "Separation": 0.37134842613576113,
      "final_score": 0.9468126734656225,
      "quality_level": "优秀"
    },
    "9.svg": {
      "EGA": 0.787824784824258,
      "PCR": 0.6644494441168393,
      "AC": 0.7803105363565302,
      "Cohesion": 0.05793650793650794,
      "Separation": 0.6972727272727273,
      "final_score": 0.7418631436436021,
      "quality_level": "一般"
    },
    "10.svg": {
      "EGA": 0.9335071275406389,
      "PCR": 0.8793428248667529,
      "AC": 0.8787042873746648,
      "Cohesion": 0.14670185544440859,
      "Separation": 0.523169469580867,
      "final_score": 0.8942725707433683,
      "quality_level": "良好"
    },
    "11.svg": {
      "EGA": 0.7147658327710356,
      "PCR": 0.597421887495839,
      "AC": 0.6115484468984312,
      "Cohesion": 0.00818070818070818,
      "Separation": 0.7633657554566645,
      "final_score": 0.6355050191518532,
      "quality_level": "一般"
    },
    "12.svg": {
      "EGA": 0.9281354166666665,
      "PCR": 0.9928381029026049,
      "AC": 0.674030191306992,
      "Cohesion": 0.14275012161041573,
      "Separation": 0.49809939950971677,
      "final_score": 0.8567624234661654,
      "quality_level": "良好"
    },
    "13.svg": {
      "EGA": 0.8192888959931799,
      "PCR": 0.8005397512152389,
      "AC": 0.9249482836982248,
      "Cohesion": 0.25329823287339626,
      "Separation": 0.5864506172839505,
      "final_score": 0.8518206687717671,
      "quality_level": "良好"
    },
    "14.svg": {
      "EGA": 0.8733466217146024,
      "PCR": 1.0,
      "AC": 0.6302444123396551,
      "Cohesion": 0.04039878346623328,
      "Separation": 0.41569680066688264,
      "final_score": 0.8277274866457611,
      "quality_level": "良好"
    },
    "15.svg": {
      "EGA": 0.9512882438795863,
      "PCR": 0.8013052199950736,
      "AC": 0.7330779842705677,
      "Cohesion": 0.08167396265606955,
      "Separation": 0.646151553838816,
      "final_score": 0.81805638946467,
      "quality_level": "良好"
    },
    "16.svg": {
      "EGA": 0.8782246447475488,
      "PCR": 0.855350687885772,
      "AC": 0.7134005045542902,
      "Cohesion": 0.022817228736392744,
      "Separation": 0.5903153706716349,
      "final_score": 0.8092338279744211,
      "quality_level": "良好"
    },
    "17.svg": {
      "EGA": 0.7571263221614051,
      "PCR": 0.9638685379705357,
      "AC": 0.6472786531919705,
      "Cohesion": 0.06860371496834958,
      "Separation": 0.5202067211919168,
      "final_score": 0.7888424601759101,
      "quality_level": "良好"
    },
    "18.svg": {
      "EGA": 0.8526759015274756,
      "PCR": 0.9019190325915335,
      "AC": 0.7240116383099773,
      "Cohesion": 0.05924059899643883,
      "Separation": 0.5351569698258644,
      "final_score": 0.8223052200094215,
      "quality_level": "良好"
    },
    "19.svg": {
      "EGA": 0.9431233679415544,
      "PCR": 0.8805421231994078,
      "AC": 0.8007006529220213,
      "Cohesion": 0.06849677038610912,
      "Separation": 0.5067904317904317,
      "final_score": 0.8685235277245758,
      "quality_level": "良好"
    },
    "20.svg": {
      "EGA": 0.8351240041180885,
      "PCR": 0.9254683561904413,
      "AC": 0.6292199021001933,
      "Cohesion": 0.04115892400005531,
      "Separation": 0.48487912397364785,
      "final_score": 0.7905600095967906,
      "quality_level": "良好"
    }
  },
  "statistics": {
    "file_count": 20,
    "metrics_summary": {
      "EGA": {
        "mean": 0.8426886754525386,
        "std": 0.07778372945343431,
        "min": 0.7047049121593794,
        "max": 0.9512882438795863
      },
      "PCR": {
        "mean": 0.8603225626929207,
        "std": 0.10720649067725244,
        "min": 0.597421887495839,
        "max": 1.0
      },
      "AC": {
        "mean": 0.7711594498663457,
        "std": 0.11279199339963462,
        "min": 0.6115484468984312,
        "max": 0.9782555966987756
      },
      "Cohesion": {
        "mean": 0.10897320094251892,
        "std": 0.10042035821440407,
        "min": 0.00818070818070818,
        "max": 0.38222222222222224
      },
      "Separation": {
        "mean": 0.5460512115927152,
        "std": 0.12371406767910541,
        "min": 0.20288792095522817,
        "max": 0.7633657554566645
      },
      "final_score": {
        "mean": 0.8223947225197812,
        "std": 0.06476786690686348,
        "min": 0.6355050191518532,
        "max": 0.9468126734656225
      }
    },
    "quality_distribution": {
      "良好": 16,
      "优秀": 2,
      "一般": 2
    }
  }
}