{
  "individual_results": {
    "1.svg": {
      "GPC": 0.5768465457735874,
      "PCR": 0.8453920697314763,
      "SSI": 0.41124280872629243,
      "Cohesion": 0.014606242625091009,
      "Separation": 0.36905256332388764,
      "final_score": 0.6759845685043783,
      "quality_level": "一般"
    },
    "2.svg": {
      "GPC": 0.8571637991278753,
      "PCR": 0.7649906658135708,
      "SSI": 0.8745301102808543,
      "Cohesion": 0.25986593528147006,
      "Separation": 0.5597280400193432,
      "final_score": 0.8211628613598024,
      "quality_level": "优秀"
    },
    "3.svg": {
      "GPC": 0.5885389613243193,
      "PCR": 0.782347385941013,
      "SSI": 0.695730493126015,
      "Cohesion": 0.039360282336227154,
      "Separation": 0.5170270178098315,
      "final_score": 0.6714219077610817,
      "quality_level": "一般"
    },
    "4.svg": {
      "GPC": 0.7903753852161125,
      "PCR": 0.8645159053195907,
      "SSI": 0.7262218844249013,
      "Cohesion": 0.04465188163278309,
      "Separation": 0.4824675876854793,
      "final_score": 0.8168239182179432,
      "quality_level": "优秀"
    },
    "5.svg": {
      "GPC": 0.8783933542514091,
      "PCR": 0.8241413093597657,
      "SSI": 0.16560564461183327,
      "Cohesion": 0.36296296296296293,
      "Separation": 0.473578636785871,
      "final_score": 0.821053150812773,
      "quality_level": "优秀"
    },
    "6.svg": {
      "GPC": 0.8967785233423017,
      "PCR": 0.8090209450115774,
      "SSI": 0.5009460392919968,
      "Cohesion": 0.15708509142053448,
      "Separation": 0.5684617027370389,
      "final_score": 0.8418838678074968,
      "quality_level": "优秀"
    },
    "7.svg": {
      "GPC": 0.7538894088202641,
      "PCR": 0.7919340427200775,
      "SSI": 0.478079130146341,
      "Cohesion": 0.015208281021280984,
      "Separation": 0.661292466241039,
      "final_score": 0.7553167484464934,
      "quality_level": "良好"
    },
    "8.svg": {
      "GPC": 0.8113560618288582,
      "PCR": 0.8047365038950678,
      "SSI": 0.8436997292237957,
      "Cohesion": 0.11533344868206,
      "Separation": 0.503084024287327,
      "final_score": 0.8103254220250891,
      "quality_level": "优秀"
    },
    "9.svg": {
      "GPC": 0.8828228304484237,
      "PCR": 0.8063466879110929,
      "SSI": 0.5921635098038054,
      "Cohesion": 0.06527777777777777,
      "Separation": 0.5015657613197353,
      "final_score": 0.8376994074012605,
      "quality_level": "优秀"
    },
    "10.svg": {
      "GPC": 0.9488484303456187,
      "PCR": 0.8597701309899677,
      "SSI": 0.9193233771350044,
      "Cohesion": 0.17518456661443754,
      "Separation": 0.4050229192107227,
      "final_score": 0.9117408579428277,
      "quality_level": "优秀"
    },
    "11.svg": {
      "GPC": 0.8477639831584535,
      "PCR": 0.8018104521039691,
      "SSI": 0.0,
      "Cohesion": 0.009377289377289376,
      "Separation": 0.5720136126741726,
      "final_score": 0.7869943715787371,
      "quality_level": "良好"
    },
    "12.svg": {
      "GPC": 0.861268868023837,
      "PCR": 0.7619032163146692,
      "SSI": 0.45227334271060315,
      "Cohesion": 0.12495564892623715,
      "Separation": 0.5704567054632504,
      "final_score": 0.8010728310745083,
      "quality_level": "优秀"
    },
    "13.svg": {
      "GPC": 0.8905114317972845,
      "PCR": 0.8267721256318391,
      "SSI": 0.8898669549348776,
      "Cohesion": 0.22444472194472195,
      "Separation": 0.45706513182504244,
      "final_score": 0.8649834854879862,
      "quality_level": "优秀"
    },
    "14.svg": {
      "GPC": 0.7539138581673989,
      "PCR": 0.8510214006580566,
      "SSI": 0.39438520761041573,
      "Cohesion": 0.031078468857569114,
      "Separation": 0.4866323101284337,
      "final_score": 0.7747804426358128,
      "quality_level": "良好"
    },
    "15.svg": {
      "GPC": 0.790229215626654,
      "PCR": 0.8303459023548542,
      "SSI": 0.44922599696197163,
      "Cohesion": 0.05046857598594781,
      "Separation": 0.5845525358989531,
      "final_score": 0.7892257293847,
      "quality_level": "良好"
    },
    "16.svg": {
      "GPC": 0.7760187688043511,
      "PCR": 0.8217255303964482,
      "SSI": 0.34351134478598966,
      "Cohesion": 0.020320300097643785,
      "Separation": 0.5072242207995118,
      "final_score": 0.7726761022402721,
      "quality_level": "良好"
    },
    "17.svg": {
      "GPC": 0.7995075869604151,
      "PCR": 0.8277631121604663,
      "SSI": 0.38555162578768337,
      "Cohesion": 0.05960441492266366,
      "Separation": 0.5480158929524893,
      "final_score": 0.7901119989817991,
      "quality_level": "良好"
    },
    "18.svg": {
      "GPC": 0.7761251721196852,
      "PCR": 0.8649121429657741,
      "SSI": 0.40736080955626724,
      "Cohesion": 0.030693025130280032,
      "Separation": 0.5170007957278361,
      "final_score": 0.79320174232995,
      "quality_level": "良好"
    },
    "19.svg": {
      "GPC": 0.837485343566478,
      "PCR": 0.7956246489482475,
      "SSI": 0.4724753104211976,
      "Cohesion": 0.0806609875782808,
      "Separation": 0.5618411156342857,
      "final_score": 0.8024905640619219,
      "quality_level": "优秀"
    },
    "20.svg": {
      "GPC": 0.7042681834010428,
      "PCR": 0.813590054052343,
      "SSI": 0.45934361047516176,
      "Cohesion": 0.027952679936235115,
      "Separation": 0.5183106055780147,
      "final_score": 0.7357507030152689,
      "quality_level": "良好"
    }
  },
  "statistics": {
    "file_count": 20,
    "metrics_summary": {
      "GPC": {
        "mean": 0.8011052856052187,
        "std": 0.09294983380641111
      },
      "PCR": {
        "mean": 0.8174332116139935,
        "std": 0.029497246896814062
      },
      "SSI": {
        "mean": 0.5230768465007504,
        "std": 0.23540704830767623
      },
      "Cohesion": {
        "mean": 0.09545462915557469,
        "std": 0.09373956981604314
      },
      "Separation": {
        "mean": 0.5182196823051133,
        "std": 0.06373126438254857
      },
      "final_score": {
        "mean": 0.7937350340535052,
        "std": 0.054879893655109854
      }
    },
    "quality_distribution": {
      "一般": 2,
      "优秀": 10,
      "良好": 8
    }
  }
}