{
  "individual_results": {
    "1.svg": {
      "EGA": 0.3736957075502258,
      "PCR": 1.0,
      "AC": 0.7623326897501712,
      "Cohesion": 0.01460624262509101,
      "Separation": 0.3506060606060606,
      "final_score": 0.7366978933216266,
      "quality_level": "一般"
    },
    "2.svg": {
      "EGA": 0.8339260802291321,
      "PCR": 0.9862589846809501,
      "AC": 0.979743750813846,
      "Cohesion": 0.263703734434834,
      "Separation": 0.5147146892482621,
      "final_score": 0.9411951349036125,
      "quality_level": "优秀"
    },
    "3.svg": {
      "EGA": 0.6787856796629401,
      "PCR": 0.8805649011504161,
      "AC": 0.7869444088392475,
      "Cohesion": 0.039360282336227154,
      "Separation": 0.5290617652858879,
      "final_score": 0.7894271369787904,
      "quality_level": "良好"
    },
    "4.svg": {
      "EGA": 0.9082156168489076,
      "PCR": 0.9817981513044693,
      "AC": 0.8449595328308758,
      "Cohesion": 0.04358534409973167,
      "Separation": 0.4761975446964377,
      "final_score": 0.9105647528216825,
      "quality_level": "优秀"
    },
    "5.svg": {
      "EGA": 0.8747350457424351,
      "PCR": 0.8609993762115198,
      "AC": 0.8656574779155173,
      "Cohesion": 0.36486772486772484,
      "Separation": 0.6796886446886448,
      "final_score": 0.8665688613106551,
      "quality_level": "良好"
    },
    "6.svg": {
      "EGA": 0.8086478212618047,
      "PCR": 0.7933451176818017,
      "AC": 0.8622014177210046,
      "Cohesion": 0.16606572049610024,
      "Separation": 0.6677863636363637,
      "final_score": 0.8231067056987076,
      "quality_level": "良好"
    },
    "7.svg": {
      "EGA": 0.8256814940860167,
      "PCR": 0.6487468386924012,
      "AC": 0.678420639591396,
      "Cohesion": 0.015215837054453797,
      "Separation": 0.6611781773046345,
      "final_score": 0.7092678485352416,
      "quality_level": "一般"
    },
    "8.svg": {
      "EGA": 0.9456700742820797,
      "PCR": 0.8951689168969462,
      "AC": 0.9264928147795337,
      "Cohesion": 0.11533344868206,
      "Separation": 0.507303216999401,
      "final_score": 0.920899083181341,
      "quality_level": "优秀"
    },
    "9.svg": {
      "EGA": 0.8362290478248342,
      "PCR": 0.6625769138562989,
      "AC": 0.8001550624315252,
      "Cohesion": 0.06527777777777778,
      "Separation": 0.7109090909090908,
      "final_score": 0.7621034263403226,
      "quality_level": "良好"
    },
    "10.svg": {
      "EGA": 0.9362286665241353,
      "PCR": 1.0,
      "AC": 0.9381712310753847,
      "Cohesion": 0.18333866240489075,
      "Separation": 0.37755938543287165,
      "final_score": 0.9592673821246502,
      "quality_level": "优秀"
    },
    "11.svg": {
      "EGA": 0.8617398743911948,
      "PCR": 0.8166932853980872,
      "AC": 0.6146930822120534,
      "Cohesion": 0.009377289377289376,
      "Separation": 0.7208216378859236,
      "final_score": 0.7545662551373249,
      "quality_level": "良好"
    },
    "12.svg": {
      "EGA": 0.9732930402930402,
      "PCR": 0.8405941583792008,
      "AC": 0.6184368274379635,
      "Cohesion": 0.14517816666509475,
      "Separation": 0.6052124204249841,
      "final_score": 0.7955516328668181,
      "quality_level": "良好"
    },
    "13.svg": {
      "EGA": 0.8500387514854425,
      "PCR": 1.0,
      "AC": 0.9219854214552682,
      "Cohesion": 0.22923482227115444,
      "Separation": 0.4973349334462368,
      "final_score": 0.9291454563543732,
      "quality_level": "优秀"
    },
    "14.svg": {
      "EGA": 0.9445172371488162,
      "PCR": 0.85009627433037,
      "AC": 0.6238710642935683,
      "Cohesion": 0.11429672344124023,
      "Separation": 0.5543743846583791,
      "final_score": 0.7928308162059183,
      "quality_level": "良好"
    },
    "15.svg": {
      "EGA": 0.9350305461232623,
      "PCR": 0.8281355339475701,
      "AC": 0.7474580438505236,
      "Cohesion": 0.08804226679956836,
      "Separation": 0.585375708058806,
      "final_score": 0.8282154660208567,
      "quality_level": "良好"
    },
    "16.svg": {
      "EGA": 0.90498791963466,
      "PCR": 0.9303547554493874,
      "AC": 0.7061389911502808,
      "Cohesion": 0.024444900134051976,
      "Separation": 0.49011296213141986,
      "final_score": 0.8402922086305943,
      "quality_level": "良好"
    },
    "17.svg": {
      "EGA": 0.8995573949567179,
      "PCR": 0.9917450439755459,
      "AC": 0.611475417527085,
      "Cohesion": 0.05535595577673673,
      "Separation": 0.4792491000459933,
      "final_score": 0.8252327404643435,
      "quality_level": "良好"
    },
    "18.svg": {
      "EGA": 0.9253002051618054,
      "PCR": 0.8091726830100615,
      "AC": 0.7895258672360226,
      "Cohesion": 0.06794163416861627,
      "Separation": 0.6025327402064707,
      "final_score": 0.8344190673761553,
      "quality_level": "良好"
    },
    "19.svg": {
      "EGA": 0.764304092132124,
      "PCR": 0.8204669242989869,
      "AC": 0.7893588355457839,
      "Cohesion": 0.09380238310986233,
      "Separation": 0.5961323368057532,
      "final_score": 0.7932313384535801,
      "quality_level": "良好"
    },
    "20.svg": {
      "EGA": 0.9278616624244097,
      "PCR": 0.7604894909954205,
      "AC": 0.6046517297422526,
      "Cohesion": 0.04774746686989923,
      "Separation": 0.6054875491384912,
      "final_score": 0.7496937273318653,
      "quality_level": "一般"
    }
  },
  "statistics": {
    "file_count": 20,
    "metrics_summary": {
      "EGA": {
        "mean": 0.8504222978881992,
        "std": 0.12953255214929357,
        "min": 0.3736957075502258,
        "max": 0.9732930402930402
      },
      "PCR": {
        "mean": 0.8678603675129717,
        "std": 0.1043476119630639,
        "min": 0.6487468386924012,
        "max": 1.0
      },
      "AC": {
        "mean": 0.7736337153099652,
        "std": 0.11806135591363608,
        "min": 0.6046517297422526,
        "max": 0.979743750813846
      },
      "Cohesion": {
        "mean": 0.10733881916962025,
        "std": 0.09186086244485156,
        "min": 0.009377289377289376,
        "max": 0.36486772486772484
      },
      "Separation": {
        "mean": 0.5605819355805056,
        "std": 0.0994947389752427,
        "min": 0.3506060606060606,
        "max": 0.7208216378859236
      },
      "final_score": {
        "mean": 0.828113846702923,
        "std": 0.07096468574108426,
        "min": 0.7092678485352416,
        "max": 0.9592673821246502
      }
    },
    "quality_distribution": {
      "一般": 3,
      "优秀": 5,
      "良好": 12
    }
  }
}