{
  "individual_results": {
    "1.svg": {
      "EGA": 0.8948312927344682,
      "PCR": 0.7773029175455256,
      "AC": 0.802907623694588,
      "Cohesion": 0.04160206697919967,
      "Separation": 0.5957544444610877,
      "final_score": 0.8196846038735827,
      "quality_level": "良好"
    },
    "2.svg": {
      "EGA": 0.766389800685196,
      "PCR": 1.0,
      "AC": 0.9782555966987756,
      "Cohesion": 0.30711703148480074,
      "Separation": 0.20288792095522817,
      "final_score": 0.9265437149704019,
      "quality_level": "优秀"
    },
    "3.svg": {
      "EGA": 0.7047049121593794,
      "PCR": 0.8757285228078696,
      "AC": 0.931652345406685,
      "Cohesion": 0.04000455556593963,
      "Separation": 0.49410834358720435,
      "final_score": 0.848533726187854,
      "quality_level": "良好"
    },
    "4.svg": {
      "EGA": 0.8430327967389609,
      "PCR": 0.7947251770226883,
      "AC": 0.8657332054877052,
      "Cohesion": 0.06770922134970737,
      "Separation": 0.6400539903647309,
      "final_score": 0.8345242810753009,
      "quality_level": "良好"
    },
    "5.svg": {
      "EGA": 0.9221411003510409,
      "PCR": 0.8826879035093708,
      "AC": 0.6072431064161158,
      "Cohesion": 0.38222222222222224,
      "Separation": 0.6662962962962964,
      "final_score": 0.7918202237005341,
      "quality_level": "良好"
    },
    "6.svg": {
      "EGA": 0.7797709414326696,
      "PCR": 0.7616880363776408,
      "AC": 0.7775199010436082,
      "Cohesion": 0.20371542428504452,
      "Separation": 0.6799240019240018,
      "final_score": 0.7726090397194568,
      "quality_level": "良好"
    },
    "7.svg": {
      "EGA": 0.744850769123903,
      "PCR": 0.851272728165278,
      "AC": 0.7882292469668217,
      "Cohesion": 0.018991928919110123,
      "Separation": 0.5030958670668723,
      "final_score": 0.7981484915902641,
      "quality_level": "良好"
    },
    "8.svg": {
      "EGA": 0.9236207319391133,
      "PCR": 1.0,
      "AC": 0.9140509960072184,
      "Cohesion": 0.1268441587892691,
      "Separation": 0.37134842613576113,
      "final_score": 0.9468126734656225,
      "quality_level": "优秀"
    },
    "9.svg": {
      "EGA": 0.7878247848242581,
      "PCR": 0.6644494441168393,
      "AC": 0.7803105363565304,
      "Cohesion": 0.05793650793650794,
      "Separation": 0.6972727272727273,
      "final_score": 0.7418631436436023,
      "quality_level": "一般"
    },
    "10.svg": {
      "EGA": 0.9335071275406389,
      "PCR": 0.8793428248667529,
      "AC": 0.8787042873746648,
      "Cohesion": 0.14670185544440859,
      "Separation": 0.523169469580867,
      "final_score": 0.8942725707433683,
      "quality_level": "良好"
    },
    "11.svg": {
      "EGA": 0.7147658327710356,
      "PCR": 0.597421887495839,
      "AC": 0.7666835989562926,
      "Cohesion": 0.00818070818070818,
      "Separation": 0.7633657554566645,
      "final_score": 0.6929050254132618,
      "quality_level": "一般"
    },
    "12.svg": {
      "EGA": 0.9281354166666665,
      "PCR": 0.9928381029026049,
      "AC": 0.674030191306992,
      "Cohesion": 0.14275012161041573,
      "Separation": 0.49809939950971677,
      "final_score": 0.8567624234661654,
      "quality_level": "良好"
    },
    "13.svg": {
      "EGA": 0.8192888959931799,
      "PCR": 0.8005397512152389,
      "AC": 0.9249482836982247,
      "Cohesion": 0.25329823287339626,
      "Separation": 0.5864506172839505,
      "final_score": 0.8518206687717671,
      "quality_level": "良好"
    },
    "14.svg": {
      "EGA": 0.8733466217146024,
      "PCR": 1.0,
      "AC": 0.6302006747082689,
      "Cohesion": 0.040398783466233275,
      "Separation": 0.41569680066688264,
      "final_score": 0.8277113037221482,
      "quality_level": "良好"
    },
    "15.svg": {
      "EGA": 0.9512882438795863,
      "PCR": 0.8013052199950735,
      "AC": 0.7335929360918048,
      "Cohesion": 0.08167396265606953,
      "Separation": 0.646151553838816,
      "final_score": 0.8182469216385276,
      "quality_level": "良好"
    },
    "16.svg": {
      "EGA": 0.8782246447475488,
      "PCR": 0.855350687885772,
      "AC": 0.7134005045542903,
      "Cohesion": 0.022817228736392747,
      "Separation": 0.5903153706716349,
      "final_score": 0.8092338279744212,
      "quality_level": "良好"
    },
    "17.svg": {
      "EGA": 0.7571263221614051,
      "PCR": 0.9638685379705357,
      "AC": 0.6452831838468495,
      "Cohesion": 0.06860371496834958,
      "Separation": 0.5202067211919168,
      "final_score": 0.7881041365182153,
      "quality_level": "良好"
    },
    "18.svg": {
      "EGA": 0.8526759015274756,
      "PCR": 0.9019190325915335,
      "AC": 0.38536366763881463,
      "Cohesion": 0.05924059899643883,
      "Separation": 0.5351569698258644,
      "final_score": 0.6970054708610913,
      "quality_level": "一般"
    },
    "19.svg": {
      "EGA": 0.9431233679415544,
      "PCR": 0.8805421231994078,
      "AC": 0.7943821138316852,
      "Cohesion": 0.06849677038610912,
      "Separation": 0.5067904317904317,
      "final_score": 0.8661856682611515,
      "quality_level": "良好"
    },
    "20.svg": {
      "EGA": 0.8351240041180885,
      "PCR": 0.9254683561904413,
      "AC": 0.6132759135336822,
      "Cohesion": 0.04115892400005531,
      "Separation": 0.48487912397364785,
      "final_score": 0.7846607338271816,
      "quality_level": "良好"
    }
  },
  "statistics": {
    "file_count": 20,
    "metrics_summary": {
      "EGA": {
        "mean": 0.8426886754525386,
        "std": 0.07778372945343433,
        "min": 0.7047049121593794,
        "max": 0.9512882438795863
      },
      "PCR": {
        "mean": 0.8603225626929207,
        "std": 0.10720649067725244,
        "min": 0.597421887495839,
        "max": 1.0
      },
      "AC": {
        "mean": 0.7602883956809809,
        "std": 0.1384512419548729,
        "min": 0.38536366763881463,
        "max": 0.9782555966987756
      },
      "Cohesion": {
        "mean": 0.10897320094251892,
        "std": 0.10042035821440407,
        "min": 0.00818070818070818,
        "max": 0.38222222222222224
      },
      "Separation": {
        "mean": 0.5460512115927152,
        "std": 0.12371406767910541,
        "min": 0.20288792095522817,
        "max": 0.7633657554566645
      },
      "final_score": {
        "mean": 0.8183724324711961,
        "std": 0.0639402577552305,
        "min": 0.6929050254132618,
        "max": 0.9468126734656225
      }
    },
    "quality_distribution": {
      "良好": 15,
      "优秀": 2,
      "一般": 3
    }
  }
}