{
  "individual_results": {
    "2.svg": {
      "EGA": 0.8339260802291321,
      "PCR": 0.9862589846809501,
      "AC": 0.979743750813846,
      "Cohesion": 0.263703734434834,
      "Separation": 0.5147146892482621,
      "final_score": 0.9411951349036125,
      "quality_level": "优秀"
    },
    "5.svg": {
      "EGA": 0.8695965575885527,
      "PCR": 0.8502454919807105,
      "AC": 0.8747949595453232,
      "Cohesion": 0.39970370370370367,
      "Separation": 0.6966666666666667,
      "final_score": 0.8647470933498129,
      "quality_level": "良好"
    }
  },
  "statistics": {
    "file_count": 2,
    "metrics_summary": {
      "EGA": {
        "mean": 0.8517613189088424,
        "std": 0.01783523867971032,
        "min": 0.8339260802291321,
        "max": 0.8695965575885527
      },
      "PCR": {
        "mean": 0.9182522383308303,
        "std": 0.06800674635011977,
        "min": 0.8502454919807105,
        "max": 0.9862589846809501
      },
      "AC": {
        "mean": 0.9272693551795845,
        "std": 0.05247439563426143,
        "min": 0.8747949595453232,
        "max": 0.979743750813846
      },
      "Cohesion": {
        "mean": 0.3317037190692689,
        "std": 0.06799998463443482,
        "min": 0.263703734434834,
        "max": 0.39970370370370367
      },
      "Separation": {
        "mean": 0.6056906779574645,
        "std": 0.09097598870920226,
        "min": 0.5147146892482621,
        "max": 0.6966666666666667
      },
      "final_score": {
        "mean": 0.9029711141267127,
        "std": 0.03822402077689979,
        "min": 0.8647470933498129,
        "max": 0.9411951349036125
      }
    },
    "quality_distribution": {
      "优秀": 1,
      "良好": 1
    }
  }
}