{
  "individual_results": {
    "2.svg": {
      "EGA": 0.8196189181426996,
      "PCR": 0.9010075788313618,
      "AC": 0.970763693008371,
      "Cohesion": 0.2598659352814701,
      "Separation": 0.5998726357170051,
      "final_score": 0.9040285160840298,
      "quality_level": "优秀"
    },
    "3.svg": {
      "EGA": 0.6787856796629401,
      "PCR": 0.8805649011504162,
      "AC": 0.7869444088392475,
      "Cohesion": 0.03936028233622715,
      "Separation": 0.5290617652858879,
      "final_score": 0.7894271369787904,
      "quality_level": "良好"
    },
    "4.svg": {
      "EGA": 0.9029652723379928,
      "PCR": 0.9486342084134043,
      "AC": 0.846703836751079,
      "Cohesion": 0.04465188163278309,
      "Separation": 0.48358710647808756,
      "final_score": 0.8981326687972288,
      "quality_level": "良好"
    },
    "5.svg": {
      "EGA": 0.7780320941373899,
      "PCR": 0.8099091015812426,
      "AC": 0.6987992087858012,
      "Cohesion": 0.36296296296296293,
      "Separation": 0.6901923076923077,
      "final_score": 0.7598728791626506,
      "quality_level": "良好"
    },
    "6.svg": {
      "EGA": 0.8038554642700099,
      "PCR": 0.6977609723057965,
      "AC": 0.7978661024844986,
      "Cohesion": 0.15708509142053445,
      "Separation": 0.7272628205128203,
      "final_score": 0.764506328221896,
      "quality_level": "良好"
    },
    "7.svg": {
      "EGA": 0.821709426325441,
      "PCR": 0.6477632074191423,
      "AC": 0.6890693931247759,
      "Cohesion": 0.015208281021280986,
      "Separation": 0.6978271178485479,
      "final_score": 0.7117514374239904,
      "quality_level": "一般"
    },
    "8.svg": {
      "EGA": 0.9456700742820797,
      "PCR": 0.8951689168969462,
      "AC": 0.9264928147795337,
      "Cohesion": 0.11533344868206,
      "Separation": 0.507303216999401,
      "final_score": 0.920899083181341,
      "quality_level": "优秀"
    },
    "9.svg": {
      "EGA": 0.7813962366753097,
      "PCR": 0.6441737740766208,
      "AC": 0.8001550624315252,
      "Cohesion": 0.06527777777777778,
      "Separation": 0.7136969696969696,
      "final_score": 0.7403091402955684,
      "quality_level": "一般"
    },
    "10.svg": {
      "EGA": 0.9361090872528913,
      "PCR": 1.0,
      "AC": 0.9292810391421911,
      "Cohesion": 0.17518456661443754,
      "Separation": 0.38282475312195363,
      "final_score": 0.9559445289134203,
      "quality_level": "优秀"
    },
    "12.svg": {
      "EGA": 0.7892399177211676,
      "PCR": 0.8174919959506441,
      "AC": 0.6053181071250238,
      "Cohesion": 0.12495564892623716,
      "Separation": 0.6404576068419944,
      "final_score": 0.7310770751809113,
      "quality_level": "一般"
    },
    "13.svg": {
      "EGA": 0.8696789627855804,
      "PCR": 1.0,
      "AC": 0.9496215402225783,
      "Cohesion": 0.22444472194472193,
      "Separation": 0.47710599014370936,
      "final_score": 0.9448700794623165,
      "quality_level": "优秀"
    },
    "14.svg": {
      "EGA": 0.8637330738012166,
      "PCR": 0.9475791648533078,
      "AC": 0.6776324573692787,
      "Cohesion": 0.031078468857569114,
      "Separation": 0.4958324468494562,
      "final_score": 0.8242219775896316,
      "quality_level": "良好"
    },
    "15.svg": {
      "EGA": 0.8864570161686848,
      "PCR": 0.793552016790526,
      "AC": 0.7608368295908836,
      "Cohesion": 0.050468575985947825,
      "Separation": 0.6005355085073215,
      "final_score": 0.8074607973525428,
      "quality_level": "良好"
    },
    "16.svg": {
      "EGA": 0.8942576244677095,
      "PCR": 0.9357623091024104,
      "AC": 0.7114443937248491,
      "Cohesion": 0.020320300097643785,
      "Separation": 0.5110102296980202,
      "final_score": 0.8411433687149965,
      "quality_level": "良好"
    },
    "17.svg": {
      "EGA": 0.8995334068245031,
      "PCR": 0.9380278793878848,
      "AC": 0.6216735090978545,
      "Cohesion": 0.05960441492266366,
      "Separation": 0.5606190932228322,
      "final_score": 0.8101983100628267,
      "quality_level": "良好"
    },
    "18.svg": {
      "EGA": 0.8305155329483267,
      "PCR": 0.8791567151825342,
      "AC": 0.7805033313154368,
      "Cohesion": 0.030693025130280032,
      "Separation": 0.5578925516798525,
      "final_score": 0.82903543212613,
      "quality_level": "良好"
    },
    "19.svg": {
      "EGA": 0.9352779363252303,
      "PCR": 0.7874438280300223,
      "AC": 0.7607411968507949,
      "Cohesion": 0.0806609875782808,
      "Separation": 0.6335017141362309,
      "final_score": 0.8189574048163664,
      "quality_level": "良好"
    },
    "20.svg": {
      "EGA": 0.7713928450865564,
      "PCR": 0.8893360416102056,
      "AC": 0.5997812653211986,
      "Cohesion": 0.027952679936235115,
      "Separation": 0.5354116120345523,
      "final_score": 0.7491766793566512,
      "quality_level": "一般"
    }
  },
  "statistics": {
    "file_count": 18,
    "metrics_summary": {
      "EGA": {
        "mean": 0.8449015871786516,
        "std": 0.06904023205080498,
        "min": 0.6787856796629401,
        "max": 0.9456700742820797
      },
      "PCR": {
        "mean": 0.8562962561990258,
        "std": 0.10614956510835652,
        "min": 0.6441737740766208,
        "max": 1.0
      },
      "AC": {
        "mean": 0.7729793438869401,
        "std": 0.11354935517314745,
        "min": 0.5997812653211986,
        "max": 0.970763693008371
      },
      "Cohesion": {
        "mean": 0.10472828061717297,
        "std": 0.09435404894812292,
        "min": 0.015208281021280986,
        "max": 0.36296296296296293
      },
      "Separation": {
        "mean": 0.5746664136926083,
        "std": 0.09241975620990661,
        "min": 0.38282475312195363,
        "max": 0.7272628205128203
      },
      "final_score": {
        "mean": 0.8222784913178494,
        "std": 0.07331369606867302,
        "min": 0.7117514374239904,
        "max": 0.9559445289134203
      }
    },
    "quality_distribution": {
      "优秀": 4,
      "良好": 10,
      "一般": 4
    }
  }
}