tag_name,tag,opacity,fill_h_cos,fill_h_sin,fill_s_n,fill_l_n,stroke_h_cos,stroke_h_sin,stroke_s_n,stroke_l_n,stroke_width,layer_sal,bbox_min_left_n,bbox_max_right_n,bbox_min_top_n,bbox_max_bottom_n,bbox_center_x_n,bbox_center_y_n,bbox_width_n,bbox_height_n,bbox_fill_area,bbox_stroke_area
svg/g/path_6,0.75,1.0,0.9925461516413221,0.12186934340514738,0.96,0.73,1.0,0.0,0.0,0.0,1.0,0.25,2.835541153171094e-14,9.492933777280704e-13,2.835541153171094e-14,9.492933777280704e-13,0.32758163100126253,0.32758163100126253,1.0,0.4402397901835892,0.0,0.18448926024126713
svg/g/path_5,0.75,1.0,0.8746197071393957,0.48480962024633706,0.96,0.72,1.0,0.0,0.0,0.0,1.0,0.20833333333333334,2.625742488795172e-13,1.0433290557219617e-12,2.625742488795172e-13,1.0433290557219617e-12,0.6782597176578937,0.6782597176578937,0.9969061070755987,0.3469464218808541,0.0,0.18252752939176015
svg/g/path_4,0.75,1.0,0.9563047559630355,0.2923717047227366,1.0,0.69,1.0,0.0,0.0,0.0,1.0,0.16666666666666669,3.0132634946783474e-13,1.1607549541039101e-12,3.0132634946783474e-13,1.1607549541039101e-12,0.9849838833747495,0.9849838833747495,0.9884315308044123,0.5668789808917196,0.0,0.18344128940273163
svg/g/path_3,0.75,1.0,0.8746197071393959,-0.4848096202463369,1.0,0.6,1.0,0.0,0.0,0.0,1.0,0.125,1.3345239225496401e-12,8.305673221045602e-14,1.3345239225496401e-12,8.305673221045602e-14,0.2990905226720112,0.2990905226720112,0.9866828087167071,0.41813413263394494,0.0,0.18459198900892101
svg/g/path_2,0.75,1.0,0.9876883405951378,0.15643446504023076,0.9100000000000005,0.79,1.0,0.0,0.0,0.0,1.0,0.08333333333333334,4.965568085224568e-13,6.631531075085042e-13,4.965568085224568e-13,6.631531075085042e-13,0.9997980204006264,0.9997980204006264,0.9919289749798225,0.5294117647058822,0.0,0.18428186178701736
svg/g/path_1,0.75,1.0,0.9993908270190958,0.03489949670250097,1.0,0.53,1.0,0.0,0.0,0.0,1.0,0.04166666666666666,6.036037230265393e-13,1.1605854962513631e-12,6.036037230265393e-13,1.1605854962513631e-12,0.9953821949991615,0.9953821949991615,0.9856066720473501,0.5196702884975647,0.0,0.18458190095184518
svg/g/path,0.75,1.0,0.8191520442889916,-0.5735764363510465,0.9099999999999996,0.7,1.0,0.0,0.0,0.0,1.0,0.0,4.577356778473013e-13,2.1437951842745193e-13,4.577356778473013e-13,2.1437951842745193e-13,0.9097708721695866,0.9097708721695866,0.9876244283023944,0.6998875983514421,0.0,0.18781694531769574
