{
  "individual_results": {
    "1.svg": {
      "ABMS": 0.6140555307545119,
      "WCR": 0.6172455868384032,
      "final_score": 0.6156505587964576,
      "quality_level": "良好"
    },
    "2.svg": {
      "ABMS": 0.4774355390793962,
      "WCR": 0.4870255304947142,
      "final_score": 0.4822305347870552,
      "quality_level": "一般"
    },
    "3.svg": {
      "ABMS": 0.6610109211119625,
      "WCR": 0.6647416284668319,
      "final_score": 0.6628762747893973,
      "quality_level": "良好"
    },
    "4.svg": {
      "ABMS": 0.8763197586726998,
      "WCR": 0.5862737556561086,
      "final_score": 0.7312967571644042,
      "quality_level": "良好"
    },
    "5.svg": {
      "ABMS": 0.6752450980392156,
      "WCR": 0.6201226309921961,
      "final_score": 0.6476838645157059,
      "quality_level": "良好"
    },
    "6.svg": {
      "ABMS": 0.7434624696133646,
      "WCR": 0.6560831851668021,
      "final_score": 0.6997728273900834,
      "quality_level": "良好"
    },
    "7.svg": {
      "ABMS": 0.5211309523809523,
      "WCR": 0.606547619047619,
      "final_score": 0.5638392857142857,
      "quality_level": "一般"
    },
    "8.svg": {
      "ABMS": 0.5572956283482599,
      "WCR": 0.6158820346320346,
      "final_score": 0.5865888314901473,
      "quality_level": "一般"
    },
    "9.svg": {
      "ABMS": 0.5206569492038601,
      "WCR": 0.5294508399061142,
      "final_score": 0.5250538945549872,
      "quality_level": "一般"
    },
    "10.svg": {
      "ABMS": 0.5472222222222222,
      "WCR": 0.5901500326157861,
      "final_score": 0.5686861274190042,
      "quality_level": "一般"
    },
    "11.svg": {
      "ABMS": 0.4769164674776716,
      "WCR": 0.6086721627518591,
      "final_score": 0.5427943151147654,
      "quality_level": "一般"
    },
    "12.svg": {
      "ABMS": 0.4307791602711919,
      "WCR": 0.6810721341182878,
      "final_score": 0.5559256471947398,
      "quality_level": "一般"
    },
    "13.svg": {
      "ABMS": 0.40763670588079154,
      "WCR": 0.34816092472342475,
      "final_score": 0.3778988153021081,
      "quality_level": "需要改进"
    },
    "14.svg": {
      "ABMS": 0.42354388036206214,
      "WCR": 0.47534013605442177,
      "final_score": 0.449442008208242,
      "quality_level": "一般"
    },
    "15.svg": {
      "ABMS": 0.20343009818016186,
      "WCR": 0.19174664760807517,
      "final_score": 0.1975883728941185,
      "quality_level": "需要改进"
    },
    "16.svg": {
      "ABMS": 0.5573460356069052,
      "WCR": 0.44939841829704164,
      "final_score": 0.5033722269519734,
      "quality_level": "一般"
    },
    "17.svg": {
      "ABMS": 0.5343838383838384,
      "WCR": 0.516716425337115,
      "final_score": 0.5255501318604767,
      "quality_level": "一般"
    },
    "18.svg": {
      "ABMS": 0.432041198263245,
      "WCR": 0.6284694686756543,
      "final_score": 0.5302553334694496,
      "quality_level": "一般"
    },
    "19.svg": {
      "ABMS": 0.5597945047729476,
      "WCR": 0.6044046118659857,
      "final_score": 0.5820995583194666,
      "quality_level": "一般"
    },
    "20.svg": {
      "ABMS": 0.5980061937278214,
      "WCR": 0.7055685495935503,
      "final_score": 0.6517873716606859,
      "quality_level": "良好"
    },
    "21.svg": {
      "ABMS": 0.5022593712394194,
      "WCR": 0.5967067120913274,
      "final_score": 0.5494830416653734,
      "quality_level": "一般"
    },
    "22.svg": {
      "ABMS": 0.5118984879854447,
      "WCR": 0.6113455988455989,
      "final_score": 0.5616220434155218,
      "quality_level": "一般"
    },
    "23.svg": {
      "ABMS": 0.46154765052620306,
      "WCR": 0.39769829194184686,
      "final_score": 0.42962297123402493,
      "quality_level": "一般"
    },
    "24.svg": {
      "ABMS": 0.6221363292791864,
      "WCR": 0.6390824622531939,
      "final_score": 0.6306093957661901,
      "quality_level": "良好"
    },
    "25.svg": {
      "ABMS": 0.49616402116402125,
      "WCR": 0.3940523885836385,
      "final_score": 0.44510820487382985,
      "quality_level": "一般"
    },
    "26.svg": {
      "ABMS": 0.4927848081524252,
      "WCR": 0.46323368711679225,
      "final_score": 0.4780092476346087,
      "quality_level": "一般"
    },
    "27.svg": {
      "ABMS": 0.541188770090051,
      "WCR": 0.6632944340769384,
      "final_score": 0.6022416020834946,
      "quality_level": "良好"
    },
    "28.svg": {
      "ABMS": 0.6245923657067796,
      "WCR": 0.40395319512291983,
      "final_score": 0.5142727804148497,
      "quality_level": "一般"
    },
    "29.svg": {
      "ABMS": 0.5388320013320013,
      "WCR": 0.5985965931087883,
      "final_score": 0.5687142972203948,
      "quality_level": "一般"
    },
    "30.svg": {
      "ABMS": 0.3894377019177058,
      "WCR": 0.4362741747254821,
      "final_score": 0.41285593832159395,
      "quality_level": "一般"
    },
    "31.svg": {
      "ABMS": 0.48526077097505677,
      "WCR": 0.4517543859649123,
      "final_score": 0.46850757846998453,
      "quality_level": "一般"
    },
    "32.svg": {
      "ABMS": 0.3934701305247981,
      "WCR": 0.32782852066391177,
      "final_score": 0.3606493255943549,
      "quality_level": "需要改进"
    },
    "33.svg": {
      "ABMS": 0.7625799644950668,
      "WCR": 0.6338790424584496,
      "final_score": 0.6982295034767583,
      "quality_level": "良好"
    },
    "34.svg": {
      "ABMS": 0.323692457068175,
      "WCR": 0.3781062015941048,
      "final_score": 0.3508993293311399,
      "quality_level": "需要改进"
    },
    "35.svg": {
      "ABMS": 0.47213981162274726,
      "WCR": 0.39919294583017534,
      "final_score": 0.4356663787264613,
      "quality_level": "一般"
    },
    "36.svg": {
      "ABMS": 0.6168172736354554,
      "WCR": 0.6259022667473373,
      "final_score": 0.6213597701913963,
      "quality_level": "良好"
    },
    "37.svg": {
      "ABMS": 0.7189734721555209,
      "WCR": 0.5718043628993369,
      "final_score": 0.6453889175274289,
      "quality_level": "良好"
    },
    "38.svg": {
      "ABMS": 0.5976608187134503,
      "WCR": 0.6023211741961743,
      "final_score": 0.5999909964548122,
      "quality_level": "一般"
    },
    "39.svg": {
      "ABMS": 0.506832183834472,
      "WCR": 0.4999782637853366,
      "final_score": 0.5034052238099043,
      "quality_level": "一般"
    },
    "40.svg": {
      "ABMS": 0.6555194805194805,
      "WCR": 0.5146117595484685,
      "final_score": 0.5850656200339746,
      "quality_level": "一般"
    }
  },
  "statistics": {
    "file_count": 40,
    "abms": {
      "mean": 0.5382875255822637,
      "std": 0.12288395397145861
    },
    "wcr": {
      "mean": 0.534817219609919,
      "std": 0.11497518217109338
    },
    "final_score": {
      "mean": 0.5365523725960913,
      "std": 0.10701205192047807
    }
  }
}