{
  "individual_results": {
    "1.svg": {
      "ABMS": 0.6125277878483592,
      "WCR": 0.744192065300425,
      "final_score": 0.678359926574392,
      "quality_level": "良好"
    },
    "2.svg": {
      "ABMS": 0.5424970500901181,
      "WCR": 0.6595111665080705,
      "final_score": 0.6010041082990942,
      "quality_level": "良好"
    },
    "3.svg": {
      "ABMS": 0.7944471048350898,
      "WCR": 0.873355077374901,
      "final_score": 0.8339010911049954,
      "quality_level": "优秀"
    },
    "4.svg": {
      "ABMS": 0.7223694606047548,
      "WCR": 0.701563025210084,
      "final_score": 0.7119662429074194,
      "quality_level": "良好"
    },
    "5.svg": {
      "ABMS": 0.5661946188731903,
      "WCR": 0.6236790764536758,
      "final_score": 0.5949368476634331,
      "quality_level": "一般"
    },
    "6.svg": {
      "ABMS": 0.5944602456367163,
      "WCR": 0.5741419186873733,
      "final_score": 0.5843010821620448,
      "quality_level": "一般"
    },
    "7.svg": {
      "ABMS": 0.6147392290249434,
      "WCR": 0.816468253968254,
      "final_score": 0.7156037414965987,
      "quality_level": "良好"
    },
    "8.svg": {
      "ABMS": 0.5709727772227772,
      "WCR": 0.602695707070707,
      "final_score": 0.5868342421467421,
      "quality_level": "一般"
    },
    "9.svg": {
      "ABMS": 0.414921173485068,
      "WCR": 0.39375108089985983,
      "final_score": 0.4043361271924639,
      "quality_level": "一般"
    },
    "10.svg": {
      "ABMS": 0.682801701222754,
      "WCR": 0.7279299847792998,
      "final_score": 0.7053658430010269,
      "quality_level": "良好"
    },
    "11.svg": {
      "ABMS": 0.4223743688442166,
      "WCR": 0.6237356846052499,
      "final_score": 0.5230550267247333,
      "quality_level": "一般"
    },
    "12.svg": {
      "ABMS": 0.3933400817239274,
      "WCR": 0.4975489092184114,
      "final_score": 0.4454444954711694,
      "quality_level": "一般"
    },
    "13.svg": {
      "ABMS": 0.4625607131073425,
      "WCR": 0.5106557794057793,
      "final_score": 0.4866082462565609,
      "quality_level": "一般"
    },
    "14.svg": {
      "ABMS": 0.5615093240093241,
      "WCR": 0.7285714285714286,
      "final_score": 0.6450403762903764,
      "quality_level": "良好"
    },
    "15.svg": {
      "ABMS": 0.23262919964330256,
      "WCR": 0.23797866250019364,
      "final_score": 0.2353039310717481,
      "quality_level": "需要改进"
    },
    "16.svg": {
      "ABMS": 0.5186243386243387,
      "WCR": 0.4471031096563011,
      "final_score": 0.48286372414031986,
      "quality_level": "一般"
    },
    "17.svg": {
      "ABMS": 0.7646205357142857,
      "WCR": 0.6796096743295018,
      "final_score": 0.7221151050218937,
      "quality_level": "良好"
    },
    "18.svg": {
      "ABMS": 0.4280501776586115,
      "WCR": 0.6394825653721564,
      "final_score": 0.533766371515384,
      "quality_level": "一般"
    },
    "19.svg": {
      "ABMS": 0.5882963775313728,
      "WCR": 0.5512969500975384,
      "final_score": 0.5697966638144556,
      "quality_level": "一般"
    },
    "20.svg": {
      "ABMS": 0.7185494771155541,
      "WCR": 0.8348904352056673,
      "final_score": 0.7767199561606106,
      "quality_level": "良好"
    },
    "21.svg": {
      "ABMS": 0.5423791486291486,
      "WCR": 0.7069088319088319,
      "final_score": 0.6246439902689902,
      "quality_level": "良好"
    },
    "22.svg": {
      "ABMS": 0.5478147367036256,
      "WCR": 0.7403061224489795,
      "final_score": 0.6440604295763026,
      "quality_level": "良好"
    },
    "23.svg": {
      "ABMS": 0.6070804276944628,
      "WCR": 0.7649149659863945,
      "final_score": 0.6859976968404287,
      "quality_level": "良好"
    },
    "24.svg": {
      "ABMS": 0.6717790146361574,
      "WCR": 0.8288617886178862,
      "final_score": 0.7503204016270217,
      "quality_level": "良好"
    },
    "25.svg": {
      "ABMS": 0.633552096052096,
      "WCR": 0.6547064393939394,
      "final_score": 0.6441292677230177,
      "quality_level": "良好"
    },
    "26.svg": {
      "ABMS": 0.5689252798894224,
      "WCR": 0.5727353237089943,
      "final_score": 0.5708303017992084,
      "quality_level": "一般"
    },
    "27.svg": {
      "ABMS": 0.697274379991231,
      "WCR": 0.817319656742589,
      "final_score": 0.75729701836691,
      "quality_level": "良好"
    },
    "28.svg": {
      "ABMS": 0.472214468162744,
      "WCR": 0.422885841193543,
      "final_score": 0.4475501546781435,
      "quality_level": "一般"
    },
    "29.svg": {
      "ABMS": 0.55234375,
      "WCR": 0.6358618854045683,
      "final_score": 0.5941028177022842,
      "quality_level": "一般"
    },
    "30.svg": {
      "ABMS": 0.5809268117553217,
      "WCR": 0.5304245219134298,
      "final_score": 0.5556756668343757,
      "quality_level": "一般"
    },
    "31.svg": {
      "ABMS": 0.4727443609022557,
      "WCR": 0.5590852130325815,
      "final_score": 0.5159147869674185,
      "quality_level": "一般"
    },
    "32.svg": {
      "ABMS": 0.48527251572878666,
      "WCR": 0.42290938674777667,
      "final_score": 0.4540909512382817,
      "quality_level": "一般"
    },
    "33.svg": {
      "ABMS": 0.5981819329379509,
      "WCR": 0.6831145690142751,
      "final_score": 0.640648250976113,
      "quality_level": "良好"
    },
    "34.svg": {
      "ABMS": 0.6114889879899076,
      "WCR": 0.6571426218708827,
      "final_score": 0.6343158049303952,
      "quality_level": "良好"
    },
    "35.svg": {
      "ABMS": 0.5282146977400577,
      "WCR": 0.4612408108622482,
      "final_score": 0.49472775430115296,
      "quality_level": "一般"
    },
    "36.svg": {
      "ABMS": 0.6441121743753323,
      "WCR": 0.6519352157602714,
      "final_score": 0.6480236950678018,
      "quality_level": "良好"
    },
    "37.svg": {
      "ABMS": 0.5473223327991241,
      "WCR": 0.5650288646869854,
      "final_score": 0.5561755987430548,
      "quality_level": "一般"
    },
    "38.svg": {
      "ABMS": 0.665986394557823,
      "WCR": 0.6791501322751324,
      "final_score": 0.6725682634164778,
      "quality_level": "良好"
    },
    "39.svg": {
      "ABMS": 0.562858966680066,
      "WCR": 0.6595308288186627,
      "final_score": 0.6111948977493643,
      "quality_level": "良好"
    },
    "40.svg": {
      "ABMS": 0.736111111111111,
      "WCR": 0.6918776371308016,
      "final_score": 0.7139943741209563,
      "quality_level": "良好"
    }
  },
  "statistics": {
    "file_count": 40,
    "abms": {
      "mean": 0.5733267332788168,
      "std": 0.10995372590876311
    },
    "wcr": {
      "mean": 0.6293525303183413,
      "std": 0.13427049995483067
    },
    "final_score": {
      "mean": 0.6013396317985791,
      "std": 0.11506276381380774
    }
  }
}