{
    "per_dimension_MSE": [
        0.13557915201147766,
        1.5027034160189616,
        0.26682107742225425,
        0.5397461968855248
    ],
    "per_dimension_MAE": [
        0.28564472980972583,
        1.1331223753052746,
        0.4368521594726182,
        0.6264506088540919
    ],
    "per_dimension_R2": [
        -0.7957077023081762,
        -12.693679676055856,
        -1.3211559301060167,
        -2.7932435096045074
    ],
    "overall_MSE": 0.6112124605845546,
    "overall_MAE": 0.6205174683604276,
    "overall_R2": -4.400946704518639
}