{
  "individual_results": {
    "1.svg": {
      "GPC": 0.7765201101023665,
      "PCR": 0.8165876260996849,
      "SSI": 0.4940619362497198,
      "Cohesion": 0.037454055777485194,
      "Separation": 0.5572834889031307,
      "final_score": 0.7784242078086616,
      "quality_level": "良好"
    },
    "2.svg": {
      "GPC": 0.8831297791836512,
      "PCR": 0.8163035291164996,
      "SSI": 0.950050180162434,
      "Cohesion": 0.32761463679788905,
      "Separation": 0.5006969167389306,
      "final_score": 0.8597452992057298,
      "quality_level": "优秀"
    },
    "3.svg": {
      "GPC": 0.649818389329772,
      "PCR": 0.7524344694363964,
      "SSI": 0.5292333597039116,
      "Cohesion": 0.04000792722642432,
      "Separation": 0.6091374334544546,
      "final_score": 0.6848355698911287,
      "quality_level": "一般"
    },
    "4.svg": {
      "GPC": 0.7929886805189644,
      "PCR": 0.8343042878054064,
      "SSI": 0.7471788583930142,
      "Cohesion": 0.052547951930305856,
      "Separation": 0.4551884414554322,
      "final_score": 0.8072244323272437,
      "quality_level": "优秀"
    },
    "5.svg": {
      "GPC": 0.8604913704288081,
      "PCR": 0.8340632372128922,
      "SSI": 0.18028157793585373,
      "Cohesion": 0.38271604938271603,
      "Separation": 0.4654759930647929,
      "final_score": 0.815909627517794,
      "quality_level": "优秀"
    },
    "6.svg": {
      "GPC": 0.9002711168289724,
      "PCR": 0.7940030540119231,
      "SSI": 0.525581253122866,
      "Cohesion": 0.1886829415310428,
      "Separation": 0.5647714482266044,
      "final_score": 0.8390293985168475,
      "quality_level": "优秀"
    },
    "7.svg": {
      "GPC": 0.7449970711694189,
      "PCR": 0.8111997163315556,
      "SSI": 0.4821272618073739,
      "Cohesion": 0.020744423444893873,
      "Separation": 0.6235730892776286,
      "final_score": 0.7583346387661715,
      "quality_level": "良好"
    },
    "8.svg": {
      "GPC": 0.781394621524297,
      "PCR": 0.7337578792947589,
      "SSI": 0.8746207206925881,
      "Cohesion": 0.12107788719181618,
      "Separation": 0.5660804698903461,
      "final_score": 0.7670012295908962,
      "quality_level": "良好"
    },
    "9.svg": {
      "GPC": 0.8776172908853734,
      "PCR": 0.8060136192083424,
      "SSI": 0.7035553455003901,
      "Cohesion": 0.07261904761904761,
      "Separation": 0.5116836345566196,
      "final_score": 0.8402727249453118,
      "quality_level": "优秀"
    },
    "10.svg": {
      "GPC": 0.9403571793490223,
      "PCR": 0.7991646635867172,
      "SSI": 0.88482809163276,
      "Cohesion": 0.15963490716601553,
      "Separation": 0.54875334429006,
      "final_score": 0.8811037186582872,
      "quality_level": "优秀"
    },
    "11.svg": {
      "GPC": 0.8458999927266453,
      "PCR": 0.7999242192972896,
      "SSI": 0.16530534684793968,
      "Cohesion": 0.011268939393939394,
      "Separation": 0.5848412408590239,
      "final_score": 0.7934799510609678,
      "quality_level": "良好"
    },
    "12.svg": {
      "GPC": 0.8642824192684911,
      "PCR": 0.8080244957067401,
      "SSI": 0.4207845821162607,
      "Cohesion": 0.135494412994413,
      "Separation": 0.5242575623643819,
      "final_score": 0.8196043579861793,
      "quality_level": "优秀"
    },
    "13.svg": {
      "GPC": 0.8817128454536036,
      "PCR": 0.7820461607132947,
      "SSI": 0.8230878535376448,
      "Cohesion": 0.1965467632865293,
      "Separation": 0.5982503986646877,
      "final_score": 0.838914921961682,
      "quality_level": "优秀"
    },
    "14.svg": {
      "GPC": 0.7642925125753041,
      "PCR": 0.8402030645272226,
      "SSI": 0.3665796054999069,
      "Cohesion": 0.03760307875123634,
      "Separation": 0.47901875492113904,
      "final_score": 0.7747710880023018,
      "quality_level": "良好"
    },
    "15.svg": {
      "GPC": 0.8194832765585888,
      "PCR": 0.8257707490474073,
      "SSI": 0.4210910081754589,
      "Cohesion": 0.06055958336299478,
      "Separation": 0.6199314353118248,
      "final_score": 0.8020786521349599,
      "quality_level": "优秀"
    },
    "16.svg": {
      "GPC": 0.7886832770217505,
      "PCR": 0.8191506653909818,
      "SSI": 0.36018847802264486,
      "Cohesion": 0.04272876687172374,
      "Separation": 0.5112331765036853,
      "final_score": 0.7794454924194877,
      "quality_level": "良好"
    },
    "17.svg": {
      "GPC": 0.8068556196219187,
      "PCR": 0.8463232287047291,
      "SSI": 0.38126029888455965,
      "Cohesion": 0.0755905201910723,
      "Separation": 0.5451512156001928,
      "final_score": 0.8013628972181751,
      "quality_level": "优秀"
    },
    "18.svg": {
      "GPC": 0.8207227950234611,
      "PCR": 0.8430853914915877,
      "SSI": 0.3661447373928805,
      "Cohesion": 0.05235957765874664,
      "Separation": 0.5729200724099398,
      "final_score": 0.8069389307291828,
      "quality_level": "优秀"
    },
    "19.svg": {
      "GPC": 0.8574860891681507,
      "PCR": 0.8079010348576398,
      "SSI": 0.5010207903716468,
      "Cohesion": 0.08139188446880755,
      "Separation": 0.5028457360051183,
      "final_score": 0.8198288025041213,
      "quality_level": "优秀"
    },
    "20.svg": {
      "GPC": 0.7515058146559436,
      "PCR": 0.8146687868519257,
      "SSI": 0.44750425743419703,
      "Cohesion": 0.03590970953900887,
      "Separation": 0.5404457978383317,
      "final_score": 0.7615709256732491,
      "quality_level": "良好"
    }
  },
  "statistics": {
    "file_count": 20,
    "metrics_summary": {
      "GPC": {
        "mean": 0.8204255125697252,
        "std": 0.06533091329848882
      },
      "PCR": {
        "mean": 0.8092464939346498,
        "std": 0.02768622671951293
      },
      "SSI": {
        "mean": 0.5312242771742026,
        "std": 0.22126054330153735
      },
      "Cohesion": {
        "mean": 0.10662765322930542,
        "std": 0.09849364123805149
      },
      "Separation": {
        "mean": 0.5440769825168162,
        "std": 0.048617072079240396
      },
      "final_score": {
        "mean": 0.8014938433459189,
        "std": 0.04185149971483287
      }
    },
    "quality_distribution": {
      "良好": 7,
      "优秀": 12,
      "一般": 1
    }
  }
}