{
  "individual_results": {
    "1.svg": {
      "GPC": 0.5945889202635398,
      "PCR": 0.0,
      "SSI": 0.0,
      "Cohesion": 0.0,
      "Separation": 0.0,
      "final_score": 0.3270239061449469,
      "quality_level": "一般"
    },
    "2.svg": {
      "GPC": 0.49192775351564133,
      "PCR": 0.0,
      "SSI": 0.0,
      "Cohesion": 0.0,
      "Separation": 0.0,
      "final_score": 0.27056026443360276,
      "quality_level": "需要改进"
    },
    "3.svg": {
      "GPC": 0.5640627424086276,
      "PCR": 0.0,
      "SSI": 0.0,
      "Cohesion": 0.0,
      "Separation": 0.0,
      "final_score": 0.31023450832474525,
      "quality_level": "一般"
    },
    "4.svg": {
      "GPC": 0.4841002358026256,
      "PCR": 0.0,
      "SSI": 0.0,
      "Cohesion": 0.0,
      "Separation": 0.0,
      "final_score": 0.2662551296914441,
      "quality_level": "需要改进"
    },
    "5.svg": {
      "GPC": 0.710766185866907,
      "PCR": 0.0,
      "SSI": 0.0,
      "Cohesion": 0.0,
      "Separation": 0.0,
      "final_score": 0.3909214022267989,
      "quality_level": "一般"
    },
    "6.svg": {
      "GPC": 0.6293724291251362,
      "PCR": 0.0,
      "SSI": 0.0,
      "Cohesion": 0.0,
      "Separation": 0.0,
      "final_score": 0.34615483601882496,
      "quality_level": "一般"
    },
    "7.svg": {
      "GPC": 0.5060246256075149,
      "PCR": 0.0,
      "SSI": 0.0,
      "Cohesion": 0.0,
      "Separation": 0.0,
      "final_score": 0.2783135440841332,
      "quality_level": "需要改进"
    },
    "8.svg": {
      "GPC": 0.37759747243052494,
      "PCR": 0.0,
      "SSI": 0.0,
      "Cohesion": 0.0,
      "Separation": 0.0,
      "final_score": 0.20767860983678874,
      "quality_level": "需要改进"
    },
    "9.svg": {
      "GPC": 0.8240228083380722,
      "PCR": 0.0,
      "SSI": 0.0,
      "Cohesion": 0.0,
      "Separation": 0.0,
      "final_score": 0.45321254458593974,
      "quality_level": "一般"
    },
    "10.svg": {
      "GPC": 0.2267645498818177,
      "PCR": 0.0,
      "SSI": 0.0,
      "Cohesion": 0.0,
      "Separation": 0.0,
      "final_score": 0.12472050243499976,
      "quality_level": "需要改进"
    },
    "11.svg": {
      "GPC": 0.7896267992188002,
      "PCR": 0.0,
      "SSI": 0.0,
      "Cohesion": 0.0,
      "Separation": 0.0,
      "final_score": 0.43429473957034015,
      "quality_level": "一般"
    },
    "12.svg": {
      "GPC": 0.5662246503875976,
      "PCR": 0.0,
      "SSI": 0.0,
      "Cohesion": 0.0,
      "Separation": 0.0,
      "final_score": 0.3114235577131787,
      "quality_level": "一般"
    },
    "13.svg": {
      "GPC": 0.4752930543071976,
      "PCR": 0.0,
      "SSI": 0.0,
      "Cohesion": 0.0,
      "Separation": 0.0,
      "final_score": 0.2614111798689587,
      "quality_level": "需要改进"
    },
    "14.svg": {
      "GPC": 0.5240768075040937,
      "PCR": 0.0,
      "SSI": 0.0,
      "Cohesion": 0.0,
      "Separation": 0.0,
      "final_score": 0.2882422441272516,
      "quality_level": "需要改进"
    },
    "15.svg": {
      "GPC": 0.35711349066958886,
      "PCR": 0.0,
      "SSI": 0.0,
      "Cohesion": 0.0,
      "Separation": 0.0,
      "final_score": 0.1964124198682739,
      "quality_level": "需要改进"
    },
    "16.svg": {
      "GPC": 0.4602820710358476,
      "PCR": 0.0,
      "SSI": 0.0,
      "Cohesion": 0.0,
      "Separation": 0.0,
      "final_score": 0.2531551390697162,
      "quality_level": "需要改进"
    },
    "17.svg": {
      "GPC": 0.5118830359058409,
      "PCR": 0.0,
      "SSI": 0.0,
      "Cohesion": 0.0,
      "Separation": 0.0,
      "final_score": 0.28153566974821254,
      "quality_level": "需要改进"
    },
    "18.svg": {
      "GPC": 0.5888507270128727,
      "PCR": 0.0,
      "SSI": 0.0,
      "Cohesion": 0.0,
      "Separation": 0.0,
      "final_score": 0.32386789985708,
      "quality_level": "一般"
    },
    "19.svg": {
      "GPC": 0.5145932526061605,
      "PCR": 0.0,
      "SSI": 0.0,
      "Cohesion": 0.0,
      "Separation": 0.0,
      "final_score": 0.2830262889333883,
      "quality_level": "需要改进"
    },
    "20.svg": {
      "GPC": 0.4435410398496827,
      "PCR": 0.0,
      "SSI": 0.0,
      "Cohesion": 0.0,
      "Separation": 0.0,
      "final_score": 0.24394757191732552,
      "quality_level": "需要改进"
    }
  },
  "statistics": {
    "file_count": 20,
    "metrics_summary": {
      "GPC": {
        "mean": 0.5320356325869045,
        "std": 0.1363011227234258
      },
      "PCR": {
        "mean": 0.0,
        "std": 0.0
      },
      "SSI": {
        "mean": 0.0,
        "std": 0.0
      },
      "Cohesion": {
        "mean": 0.0,
        "std": 0.0
      },
      "Separation": {
        "mean": 0.0,
        "std": 0.0
      },
      "final_score": {
        "mean": 0.29261959792279746,
        "std": 0.07496561749788419
      }
    },
    "quality_distribution": {
      "一般": 8,
      "需要改进": 12
    }
  }
}