{
  "individual_results": {
    "1.svg": {
      "GPC": 0.5767730835236338,
      "PCR": 0.8452844078168987,
      "SSI": 0.4198013917811883,
      "Cohesion": 0.014606242625091009,
      "Separation": 0.36905256332388764,
      "final_score": 0.6763290286538176,
      "quality_level": "一般"
    },
    "2.svg": {
      "GPC": 0.8571637991278753,
      "PCR": 0.7649906658135708,
      "SSI": 0.8745301102808546,
      "Cohesion": 0.25986593528147006,
      "Separation": 0.5597280400193432,
      "final_score": 0.8211628613598024,
      "quality_level": "优秀"
    },
    "3.svg": {
      "GPC": 0.5885647783798239,
      "PCR": 0.78238170466452,
      "SSI": 0.6928159878813104,
      "Cohesion": 0.03936028233622715,
      "Separation": 0.5170270178098315,
      "final_score": 0.6713041093687767,
      "quality_level": "一般"
    },
    "4.svg": {
      "GPC": 0.7903753852161125,
      "PCR": 0.8645159053195907,
      "SSI": 0.726221884424901,
      "Cohesion": 0.04465188163278308,
      "Separation": 0.4824675876854793,
      "final_score": 0.8168239182179432,
      "quality_level": "优秀"
    },
    "5.svg": {
      "GPC": 0.8783933542514091,
      "PCR": 0.8241413093597657,
      "SSI": 0.16560564461183327,
      "Cohesion": 0.36296296296296293,
      "Separation": 0.473578636785871,
      "final_score": 0.821053150812773,
      "quality_level": "优秀"
    },
    "6.svg": {
      "GPC": 0.8969576232536334,
      "PCR": 0.8091825184388458,
      "SSI": 0.48423913498978466,
      "Cohesion": 0.15708509142053445,
      "Separation": 0.5684617027370389,
      "final_score": 0.8412116569145259,
      "quality_level": "优秀"
    },
    "7.svg": {
      "GPC": 0.7538820421855283,
      "PCR": 0.7919263043319806,
      "SSI": 0.47881253121682293,
      "Cohesion": 0.015208281021280984,
      "Separation": 0.661292466241039,
      "final_score": 0.7553462714956741,
      "quality_level": "良好"
    },
    "8.svg": {
      "GPC": 0.8113560618288582,
      "PCR": 0.8047365038950678,
      "SSI": 0.8436997292237965,
      "Cohesion": 0.11533344868206,
      "Separation": 0.503084024287327,
      "final_score": 0.8103254220250891,
      "quality_level": "优秀"
    },
    "9.svg": {
      "GPC": 0.8828228304484237,
      "PCR": 0.8063466879110929,
      "SSI": 0.5921635098038054,
      "Cohesion": 0.06527777777777777,
      "Separation": 0.5015657613197353,
      "final_score": 0.8376994074012605,
      "quality_level": "优秀"
    },
    "10.svg": {
      "GPC": 0.9488484303456185,
      "PCR": 0.8597701309899675,
      "SSI": 0.9193233771350326,
      "Cohesion": 0.17518456661443754,
      "Separation": 0.4050229192107227,
      "final_score": 0.9117408579428289,
      "quality_level": "优秀"
    },
    "11.svg": {
      "GPC": 0.8477639831584535,
      "PCR": 0.8018104521039691,
      "SSI": 0.0,
      "Cohesion": 0.009377289377289376,
      "Separation": 0.5720136126741726,
      "final_score": 0.7869943715787371,
      "quality_level": "良好"
    },
    "12.svg": {
      "GPC": 0.8613543933956652,
      "PCR": 0.761978874518851,
      "SSI": 0.44436505276775123,
      "Cohesion": 0.12495564892623715,
      "Separation": 0.5704567054632504,
      "final_score": 0.8007547188135439,
      "quality_level": "优秀"
    },
    "13.svg": {
      "GPC": 0.8905114317972845,
      "PCR": 0.8267721256318391,
      "SSI": 0.8898669549348778,
      "Cohesion": 0.22444472194472193,
      "Separation": 0.45706513182504244,
      "final_score": 0.8649834854879862,
      "quality_level": "优秀"
    },
    "14.svg": {
      "GPC": 0.7539138581673989,
      "PCR": 0.8510214006580566,
      "SSI": 0.3943852076104156,
      "Cohesion": 0.031078468857569114,
      "Separation": 0.4866323101284337,
      "final_score": 0.7747804426358128,
      "quality_level": "良好"
    },
    "15.svg": {
      "GPC": 0.790226106929618,
      "PCR": 0.830342635842057,
      "SSI": 0.44953470712679916,
      "Cohesion": 0.05046857598594781,
      "Separation": 0.5845525358989531,
      "final_score": 0.7892381485044527,
      "quality_level": "良好"
    },
    "16.svg": {
      "GPC": 0.7760187688043511,
      "PCR": 0.8217255303964482,
      "SSI": 0.34351134478598966,
      "Cohesion": 0.020320300097643785,
      "Separation": 0.5072242207995118,
      "final_score": 0.7726761022402721,
      "quality_level": "良好"
    },
    "17.svg": {
      "GPC": 0.7995043860614921,
      "PCR": 0.8277597981380637,
      "SSI": 0.3858664130168152,
      "Cohesion": 0.05960441492266366,
      "Separation": 0.5480158929524893,
      "final_score": 0.7901246522398869,
      "quality_level": "良好"
    },
    "18.svg": {
      "GPC": 0.7761251721196852,
      "PCR": 0.8649121429657741,
      "SSI": 0.40736080955626724,
      "Cohesion": 0.030693025130280032,
      "Separation": 0.5170007957278361,
      "final_score": 0.79320174232995,
      "quality_level": "良好"
    },
    "19.svg": {
      "GPC": 0.837485343566478,
      "PCR": 0.7956246489482475,
      "SSI": 0.4724753104211977,
      "Cohesion": 0.0806609875782808,
      "Separation": 0.5618411156342857,
      "final_score": 0.8024905640619219,
      "quality_level": "优秀"
    },
    "20.svg": {
      "GPC": 0.7042681834010428,
      "PCR": 0.813590054052343,
      "SSI": 0.4593436104751619,
      "Cohesion": 0.027952679936235122,
      "Separation": 0.5183106055780147,
      "final_score": 0.735750703015269,
      "quality_level": "良好"
    }
  },
  "statistics": {
    "file_count": 20,
    "metrics_summary": {
      "GPC": {
        "mean": 0.8011154507981194,
        "std": 0.09296794706791299
      },
      "PCR": {
        "mean": 0.8174406900898477,
        "std": 0.02948091540635684
      },
      "SSI": {
        "mean": 0.5221961356022302,
        "std": 0.23531666669232731
      },
      "Cohesion": {
        "mean": 0.09545462915557469,
        "std": 0.09373956981604314
      },
      "Separation": {
        "mean": 0.5182196823051133,
        "std": 0.06373126438254857
      },
      "final_score": {
        "mean": 0.7936995807550161,
        "std": 0.05482359853098107
      }
    },
    "quality_distribution": {
      "一般": 2,
      "优秀": 10,
      "良好": 8
    }
  }
}