tag_name,tag,opacity,fill_h,fill_s,fill_l,stroke_h,stroke_s,stroke_l,stroke_width,layer,bbox_min_top,bbox_max_bottom,bbox_min_left,bbox_max_right,bbox_center_x,bbox_center_y,bbox_width,bbox_height,bbox_fill_area,bbox_stroke_area
svg/rect_5,0,1.0,0.0,100.0,69.41176470588235,0.0,0.0,20.0,2.0,"[0, 0]",45.33333333333333,81.6,271.34999999999997,407.1375,339.24375,63.46666666666666,135.78750000000002,36.266666666666666,3862.4,610.8
svg/rect_4,0,1.0,0.0,50.81967213114754,76.07843137254902,0.0,0.0,20.0,2.0,"[0, 1]",45.33333333333333,81.6,406.91249999999997,498.825,452.86875,63.46666666666666,91.91250000000002,36.266666666666666,2614.4,454.8
svg/rect_3,0,1.0,0.0,100.0,69.41176470588235,0.0,0.0,20.0,2.0,"[0, 2]",130.9,167.16666666666666,176.85,452.1375,314.49375,149.03333333333333,275.2875,36.26666666666665,7830.4,1106.8
svg/rect_2,0,1.0,0.0,50.81967213114754,76.07843137254902,0.0,0.0,20.0,2.0,"[0, 3]",130.9,167.16666666666666,452.47499999999997,599.5124999999999,525.99375,149.03333333333333,147.03749999999997,36.26666666666665,4182.4,650.8
svg/rect_1,0,1.0,0.0,100.0,69.41176470588235,0.0,0.0,20.0,2.0,"[0, 4]",217.03333333333333,253.29999999999998,543.6,635.5124999999999,589.55625,235.16666666666666,91.91249999999991,36.26666666666665,2614.4,454.8
svg/rect,0,1.0,0.0,50.81967213114754,76.07843137254902,0.0,0.0,20.0,2.0,"[0, 5]",217.03333333333333,253.29999999999998,635.85,694.0125,664.9312500000001,235.16666666666666,58.16250000000002,36.26666666666665,1654.4,334.8
