tag_name,tag,opacity,fill_h,fill_s,fill_l,stroke_h,stroke_s,stroke_l,stroke_width,layer,bbox_min_top,bbox_max_bottom,bbox_min_left,bbox_max_right,bbox_center_x,bbox_center_y,bbox_width,bbox_height,bbox_fill_area,bbox_stroke_area
svg/rect_6,0,1.0,0.0,0.0,100.0,-1.0,-1.0,-1.0,0.0,"[0, 0]",0.0,400.0,0.0,600.0,300.0,200.0,600.0,400.0,240000.0,0.0
svg/rect_5,0,1.0,-1.0,-1.0,-1.0,-1.0,-1.0,-1.0,0.0,"[0, 1]",68.0,343.0,10.0,590.0,300.0,205.5,580.0,275.0,159500.0,0.0
svg/rect_4,0,1.0,-1.0,-1.0,-1.0,0.0,0.0,80.0,0.0,"[0, 2]",68.0,343.0,10.0,590.0,300.0,205.5,580.0,275.0,159500.0,0.0
svg/g_2/rect_3,0,1.0,-1.0,-1.0,-1.0,0.0,0.0,60.0,0.0,"[0, 3, 0]",355.0,385.0,127.0,474.0,300.5,370.0,347.0,30.0,10410.0,0.0
svg/g_2/g_3/g_4/g_7/rect_2,0,1.0,50.588235294117645,100.0,50.0,-1.0,-1.0,-1.0,0.0,"[0, 3, 1, 0, 0, 0]",364.0,376.0,137.0,149.0,143.0,370.0,12.0,12.0,144.0,0.0
svg/g_2/g_3/g_4/g_6/rect_1,0,1.0,0.0,0.0,75.29411764705883,-1.0,-1.0,-1.0,0.0,"[0, 3, 1, 0, 1, 0]",364.0,376.0,248.8492431640625,260.8492431640625,254.8492431640625,370.0,12.0,12.0,144.0,0.0
svg/g_2/g_3/g_4/g_5/rect,0,1.0,29.80645161290323,60.7843137254902,50.0,-1.0,-1.0,-1.0,0.0,"[0, 3, 1, 0, 2, 0]",364.0,376.0,364.05470275878906,376.05470275878906,370.05470275878906,370.0,12.0,12.0,144.0,0.0
