tag_name,tag,opacity,fill_h,fill_s,fill_l,stroke_h,stroke_s,stroke_l,stroke_width,layer,bbox_min_top,bbox_max_bottom,bbox_min_left,bbox_max_right,bbox_center_x,bbox_center_y,bbox_width,bbox_height,bbox_fill_area,bbox_stroke_area
svg/g/rect_1,0,1.0,207.27272727272728,44.0,49.01960784313726,-1.0,-1.0,-1.0,0.0,"[0, 0, 0]",267.66187050359713,290.0,918.8823529411765,939.2941176470587,929.0882352941176,278.83093525179856,20.411764705882206,22.33812949640287,455.96064325010235,0.0
svg/g/rect,0,1.0,207.27272727272728,44.0,49.01960784313726,-1.0,-1.0,-1.0,0.0,"[0, 0, 1]",276.0791366906475,290.0,940.2941176470587,960.705882352941,950.4999999999998,283.03956834532374,20.41176470588232,13.920863309352512,284.1493863732538,0.0
