tag_name,tag,opacity,fill_h,fill_s,fill_l,stroke_h,stroke_s,stroke_l,stroke_width,layer,bbox_min_top,bbox_max_bottom,bbox_min_left,bbox_max_right,bbox_center_x,bbox_center_y,bbox_width,bbox_height,bbox_fill_area,bbox_stroke_area
svg/rect_8,4.0008,1.0,0.0,69.99999999999997,70.0,0.0,0.0,0.0,1.0,"[0, 0]",-160.0,-80.0,-400.0,-320.0,-360.0,-120.0,80.0,80.0,6400.0,320.0
svg/rect_7,4.0007,1.0,0.0,69.99999999999997,70.0,0.0,0.0,0.0,1.0,"[0, 1]",-160.0,-80.0,-400.0,-320.0,-360.0,-120.0,80.0,80.0,6400.0,320.0
svg/rect_6,4.0006,1.0,0.0,69.99999999999997,70.0,0.0,0.0,0.0,1.0,"[0, 2]",-160.0,-80.0,-240.0,-160.0,-200.0,-120.0,80.0,80.0,6400.0,320.0
svg/rect_5,4.0005,1.0,0.0,69.99999999999997,70.0,0.0,0.0,0.0,1.0,"[0, 3]",-160.0,-80.0,-160.0,-80.0,-120.0,-120.0,80.0,80.0,6400.0,320.0
svg/rect_4,4.0004,1.0,144.00000000000003,69.99999999999997,70.0,0.0,0.0,0.0,1.0,"[0, 4]",-160.0,-80.0,-80.0,0.0,-40.0,-120.0,80.0,80.0,6400.0,320.0
svg/rect_3,4.0003,1.0,180.0,69.99999999999997,70.0,0.0,0.0,0.0,1.0,"[0, 5]",-160.0,-80.0,0.0,80.0,40.0,-120.0,80.0,80.0,6400.0,320.0
svg/rect_2,4.0002,1.0,216.0,69.99999999999997,70.0,0.0,0.0,0.0,1.0,"[0, 6]",-160.0,-80.0,80.0,160.0,120.0,-120.0,80.0,80.0,6400.0,320.0
svg/rect_1,4.0001,1.0,251.99999999999994,69.99999999999997,70.0,0.0,0.0,0.0,1.0,"[0, 7]",-160.0,-80.0,160.0,240.0,200.0,-120.0,80.0,80.0,6400.0,320.0
svg/rect,4.0,1.0,288.0,69.99999999999997,70.0,0.0,0.0,0.0,1.0,"[0, 8]",-160.0,-80.0,240.0,320.0,280.0,-120.0,80.0,80.0,6400.0,320.0
