tag_name,tag,opacity,fill_h_cos,fill_h_sin,fill_s_n,fill_l_n,stroke_h_cos,stroke_h_sin,stroke_s_n,stroke_l_n,stroke_width,bbox_left_n,bbox_right_n,bbox_top_n,bbox_bottom_n,bbox_mds_1,bbox_mds_2,bbox_width_n,bbox_height_n,bbox_fill_area
svg/rect_1,0.0,1.0,0.21035941382866025,0.09243610213572312,0.6578947368421053,0.2980392156862745,0.0,0.0,0.0,0.0,0.0,0.0,1.0,0.0,0.4,1.0,0.0,1.0,0.4,0.8675892572207747
svg/rect,0.0,1.0,0.026036326916434094,0.34075667487415784,0.9130434782608694,0.6392156862745098,0.0,0.0,0.0,0.0,0.0,0.0,1.0,0.6,1.0,0.0,1.0,1.0,0.4,0.8675892572207747
