tag_name,tag,opacity,fill_h_cos,fill_h_sin,fill_s_n,fill_l_n,stroke_h_cos,stroke_h_sin,stroke_s_n,stroke_l_n,stroke_width,bbox_left_n,bbox_right_n,bbox_top_n,bbox_bottom_n,bbox_center_x_n,bbox_center_y_n,bbox_width_n,bbox_height_n,bbox_fill_area
svg/rect_5,0.0,0.7071067811865476,1.0,0.5,1.0,0.6941176470588235,0.3,0.15,0.0,0.2,0.3,0.5246900152273222,0.7872525560147922,0.21798365122615798,0.3923705722070844,0.6559712856210571,0.3051771117166212,0.2625625407874701,0.1743869209809264,0.7128849668986847
svg/rect_4,0.0,0.7071067811865476,1.0,0.5,0.5081967213114754,0.7607843137254902,0.3,0.15,0.0,0.2,0.3,0.7868174896671742,0.9645420926691319,0.21798365122615798,0.3923705722070844,0.8756797911681531,0.3051771117166212,0.17772460300195783,0.1743869209809264,0.6792116381082206
svg/rect_3,0.0,0.7071067811865476,1.0,0.5,1.0,0.6941176470588235,0.3,0.15,0.0,0.2,0.3,0.3419621492277572,0.8742658255383945,0.6294277929155313,0.8038147138964576,0.6081139873830759,0.7166212534059945,0.5323036763106374,0.17438692098092634,0.7738731652980387
svg/rect_2,0.0,0.7071067811865476,1.0,0.5,0.5081967213114754,0.7607843137254902,0.3,0.15,0.0,0.2,0.3,0.8749184250598216,1.159234283228192,0.6294277929155313,0.8038147138964576,1.0170763541440069,0.7166212534059945,0.28431585816837057,0.17438692098092634,0.7197534672343979
svg/rect_1,0.0,0.7071067811865476,1.0,0.5,1.0,0.6941176470588235,0.3,0.15,0.0,0.2,0.3,1.0511202958451165,1.228844898847074,1.0435967302452314,1.217983651226158,1.139982597346095,1.1307901907356945,0.17772460300195764,0.17438692098092634,0.6792116381082206
svg/rect,0.0,0.7071067811865476,1.0,0.5,0.5081967213114754,0.7607843137254902,0.3,0.15,0.0,0.2,0.3,1.2294974983685012,1.3419621492277574,1.0435967302452314,1.217983651226158,1.2857298237981294,1.1307901907356945,0.11246465085925608,0.17438692098092634,0.6397342969651846
