tag_name,tag,opacity,fill_h,fill_s,fill_l,stroke_h,stroke_s,stroke_l,stroke_width,layer,bbox_min_top,bbox_max_bottom,bbox_min_left,bbox_max_right,bbox_center_x,bbox_center_y,bbox_width,bbox_height,bbox_fill_area,bbox_stroke_area
svg/rect_8,1.0,0.1,0.0,0.6999999999999997,0.7,0.0,0.0,0.0,1.0,0.0,1.0,1.0,0.0,0.0,0.0,1.0,1.0,1.0,1.0,0.3
svg/rect_7,0.8750000000002776,0.1,0.0,0.6999999999999997,0.7,0.0,0.0,0.0,1.0,0.1,1.0,1.0,0.0,0.0,0.0,1.0,1.0,1.0,1.0,0.3
svg/rect_6,0.7500000000005551,0.1,0.0,0.6999999999999997,0.7,0.0,0.0,0.0,1.0,0.1,1.0,1.0,0.25,0.25,0.25,1.0,1.0,1.0,1.0,0.3
svg/rect_5,0.6249999999997224,0.1,0.0,0.6999999999999997,0.7,0.0,0.0,0.0,1.0,0.1,1.0,1.0,0.375,0.375,0.375,1.0,1.0,1.0,1.0,0.3
svg/rect_4,0.5,0.1,0.4000000000000001,0.6999999999999997,0.7,0.0,0.0,0.0,1.0,0.1,1.0,1.0,0.5,0.5,0.5,1.0,1.0,1.0,1.0,0.3
svg/rect_3,0.37500000000027756,0.1,0.5,0.6999999999999997,0.7,0.0,0.0,0.0,1.0,0.1,1.0,1.0,0.625,0.625,0.625,1.0,1.0,1.0,1.0,0.3
svg/rect_2,0.2500000000005551,0.1,0.6,0.6999999999999997,0.7,0.0,0.0,0.0,1.0,0.1,1.0,1.0,0.75,0.75,0.75,1.0,1.0,1.0,1.0,0.3
svg/rect_1,0.12499999999972244,0.1,0.7,0.6999999999999997,0.7,0.0,0.0,0.0,1.0,0.1,1.0,1.0,0.875,0.875,0.875,1.0,1.0,1.0,1.0,0.3
svg/rect,0.0,0.1,0.8,0.6999999999999997,0.7,0.0,0.0,0.0,1.0,0.1,1.0,1.0,1.0,1.0,1.0,1.0,1.0,1.0,1.0,0.3
