tag_name,tag,opacity,fill_h_cos,fill_h_sin,fill_s_n,fill_l_n,stroke_h_cos,stroke_h_sin,stroke_s_n,stroke_l_n,stroke_width,bbox_left_n,bbox_right_n,bbox_top_n,bbox_bottom_n,bbox_mds_1,bbox_mds_2,bbox_width_n,bbox_height_n,bbox_fill_area
svg/rect_6,0.0,1.0,1.0,0.5,0.0,1.0,0.0,0.0,0.0,0.0,0.0,0.0,1.0,0.0,1.0,0.44917424771747616,0.0,1.0,1.0,1.0
svg/rect_5,0.0,1.0,1.0,0.5000000087266463,1e-08,1e-08,0.0,0.0,0.0,0.0,0.0,0.016666666666666666,0.9833333333333333,0.17,0.8575,0.7243520925781278,0.12623724326032176,0.9666666666666667,0.6875,0.9670181014500402
svg/rect_4,0.0,1.0,1.0,0.5000000087266463,1e-08,1e-08,0.0,0.0,0.0,0.0,0.0,0.016666666666666666,0.9833333333333333,0.17,0.8575,0.724337982598347,0.12623777219951457,0.9666666666666667,0.6875,0.9670181014500402
svg/g_2/rect_3,0.0,1.0,1.0,0.5000000087266463,1e-08,1e-08,0.0,0.0,0.0,0.0,0.0,0.21166666666666667,0.79,0.8875,0.9625,1.0,0.735709099047847,0.5783333333333334,0.075,0.7467162374787939
svg/g_2/g_3/g_4/g_7/rect_2,0.0,1.0,0.8174445837049614,0.8863016130905794,1.0,0.5,0.0,0.0,0.0,0.0,0.0,0.22833333333333333,0.24833333333333332,0.91,0.94,0.0,0.9480521210589713,0.02,0.03,0.4017253557878188
svg/g_2/g_3/g_4/g_6/rect_1,0.0,1.0,1.0,0.5,0.0,0.7529411764705882,0.0,0.0,0.0,0.0,0.0,0.4147487386067708,0.4347487386067708,0.91,0.94,0.4383780233327073,0.9536864385954118,0.02,0.03,0.4017253557878188
svg/g_2/g_3/g_4/g_5/rect,0.0,1.0,0.9338547438309268,0.7485358349522275,0.607843137254902,0.5,0.0,0.0,0.0,0.0,0.0,0.6067578379313151,0.6267578379313151,0.91,0.94,0.8542477750510598,1.0,0.02,0.03,0.4017253557878188
