tag_name,tag,opacity,fill_h_cos,fill_h_sin,fill_s_n,fill_l_n,stroke_h_cos,stroke_h_sin,stroke_s_n,stroke_l_n,stroke_width,bbox_left_n,bbox_right_n,bbox_top_n,bbox_bottom_n,bbox_mds_1,bbox_mds_2,bbox_width_n,bbox_height_n,bbox_fill_area
svg/g/rect_1,0.0,1.0,0.05558227567253826,0.27088673913629485,0.44,0.4901960784313726,0.0,0.0,0.0,0.0,0.0,0.0,0.4880450070323515,0.0,1.0,0.0,1.0,0.48804500703234616,1.0000000000000024,0.8953011099456333
svg/g/rect,0.0,1.0,0.05558227567253826,0.27088673913629485,0.44,0.4901960784313726,0.0,0.0,0.0,0.0,0.0,0.5119549929676539,1.0,0.37681159420289706,1.0,1.0,0.0,0.48804500703234877,0.623188405797103,0.8263643757468384
