tag_name,tag,opacity,fill_h_cos,fill_h_sin,fill_s_n,fill_l_n,stroke_h_cos,stroke_h_sin,stroke_s_n,stroke_l_n,stroke_width,bbox_left_n,bbox_right_n,bbox_top_n,bbox_bottom_n,bbox_center_x_n,bbox_center_y_n,bbox_width_n,bbox_height_n,bbox_fill_area
svg/g_13/g_14/polygon_1,0.625,0.7071067811865476,0.9980205327053848,0.5444471484332207,0.8928571428571427,0.5607843137254902,0.0,0.0,0.0,0.0,0.0,0.615071283095723,1.1405295315682282,0.15714285714285714,1.1571428571428573,0.8778004073319756,0.6571428571428571,0.5254582484725052,1.0,0.8722778318637718
svg/g_11/g_12/polygon,0.625,0.7071067811865476,0.055040498751854516,0.2719407045327869,1.0,0.5274509803921569,0.0,0.0,0.0,0.0,0.0,0.14052953156822814,0.6850450974687229,0.178397212543554,1.1498257839721255,0.4127873145184754,0.6641114982578397,0.5445155659004947,0.9714285714285714,0.9155646279463384
