tag_name,tag,opacity,fill_h,fill_s,fill_l,stroke_h,stroke_s,stroke_l,stroke_width,layer,bbox_min_top,bbox_max_bottom,bbox_min_left,bbox_max_right,bbox_center_x,bbox_center_y,bbox_width,bbox_height,bbox_fill_area,bbox_stroke_area
svg/g_13/g_14/polygon_1,5,1.0,5.099999999999998,89.28571428571426,56.07843137254902,0.0,0.0,0.0,0.0,"[0, 1, 0, 0]",45.1,332.1,432.4090909090909,801.8181818181819,617.1136363636364,188.60000000000002,369.409090909091,287.0,42393.15999999996,0.0
svg/g_11/g_12/polygon,5,1.0,207.13692946058094,100.0,52.74509803921569,0.0,0.0,0.0,0.0,"[0, 2, 0, 0]",51.2,330.0,98.79545454545455,481.60227272727275,290.1988636363636,190.6,382.8068181818182,278.8,71933.32,0.0
