tag_name,tag,opacity,fill_h_cos,fill_h_sin,fill_s_n,fill_l_n,stroke_h_cos,stroke_h_sin,stroke_s_n,stroke_l_n,stroke_width,bbox_left_n,bbox_right_n,bbox_top_n,bbox_bottom_n,bbox_mds_1,bbox_mds_2,bbox_width_n,bbox_height_n,bbox_fill_area
svg/g_5/path_7,0.75,1.0,1.0,0.5000000087266463,1e-08,1e-08,1.0,0.5,0.0,0.9019607843137255,0.7071067811865476,0.0,1.0,1.0,1.0,1.0,0.0,1.0,0.0,0.0
svg/g_5/path_6,0.75,1.0,1.0,0.5000000087266463,1e-08,1e-08,1.0,0.5,0.0,0.9019607843137255,0.7071067811865476,0.0,1.0,0.6666666666666666,0.6666666666666666,0.8437432552165746,0.3565924229065993,1.0,0.0,0.0
svg/g_5/path_5,0.75,1.0,1.0,0.5000000087266463,1e-08,1e-08,1.0,0.5,0.0,0.9019607843137255,0.7071067811865476,0.0,1.0,0.3333333333333333,0.3333333333333333,0.5984136797215586,0.6790953430162066,1.0,0.0,0.0
svg/g_5/path_4,0.75,1.0,1.0,0.5000000087266463,1e-08,1e-08,1.0,0.5,0.0,0.9019607843137255,0.7071067811865476,0.0,1.0,0.0,0.0,0.3083635077685127,1.0,1.0,0.0,0.0
svg/g/g_4/path_3,0.75,1.0,1.0,0.5000000087266463,1e-08,1e-08,0.038299131430802935,0.3080825490934995,0.9905660377358493,0.5843137254901961,1.0,0.009803921568629068,0.9901960784313738,0.09942841233330106,0.6787929223861291,0.09661523089936767,0.5142062152362479,0.9803921568627447,0.579364510052828,0.7090503758171591
svg/g/g_3/path_2,0.75,1.0,1.0,0.5000000087266463,1e-08,1e-08,0.2694537492753373,0.05632396247171412,0.5042735042735044,0.5411764705882354,1.0,0.009803921568629068,0.9901960784313738,0.18568128588917202,0.83152444331,0.1275123183552451,0.3876078154075948,0.9803921568627447,0.645843157420828,0.8416255156729914
svg/g/g_2/path_1,0.75,1.0,1.0,0.5000000087266463,1e-08,1e-08,0.06583354635423755,0.7479909081572589,1.0,0.44313725490196076,1.0,0.009803921568629068,0.9901960784313738,0.31609148051433333,0.9229605202014516,0.25107914558263045,0.29140141406964976,0.9803921568627447,0.6068690396871183,0.7511543023150593
svg/g/g_1/path,0.75,1.0,1.0,0.5000000087266463,1e-08,1e-08,0.9810593150584657,0.6363155728281985,0.9901477832512317,0.6019607843137255,1.0,0.009803921568629068,0.9901960784313738,0.15061460171612903,0.9881739112903225,0.0,0.28881711380951397,0.9803921568627447,0.8375593095741936,0.8521220243743496
