tag_name,tag,opacity,fill_h,fill_s,fill_l,stroke_h,stroke_s,stroke_l,stroke_width,layer,bbox_min_top,bbox_max_bottom,bbox_min_left,bbox_max_right,bbox_center_x,bbox_center_y,bbox_width,bbox_height,bbox_fill_area,bbox_stroke_area
svg/g_4/g_10/path_9,6,1.0,202.5714285714286,99.05660377358491,58.43137254901961,-1.0,-1.0,-1.0,0.0,"[0, 0, 0, 0]",178.7125,204.4,33.6,396.00000000000006,214.80000000000004,191.55625,362.40000000000003,25.6875,14293.908914064988,0.0
svg/g_4/g_9/path_8,6,1.0,242.54237288135596,50.42735042735044,54.117647058823536,-1.0,-1.0,-1.0,0.0,"[0, 0, 1, 0]",176.04100000000003,204.286975,33.6,214.8,124.2,190.16398750000002,181.20000000000002,28.245974999999987,2127.0438046879135,0.0
svg/g_4/g_7/path_6,6,1.0,150.26548672566372,100.0,44.31372549019608,-1.0,-1.0,-1.0,0.0,"[0, 0, 3, 0]",161.255275,204.204775,33.6,267.65000000000003,150.62500000000003,182.730025,234.05000000000004,42.9495,23549.48281640606,0.0
svg/g_4/g_5/path_4,6,1.0,15.82089552238806,99.01477832512315,60.19607843137255,-1.0,-1.0,-1.0,0.0,"[0, 0, 5, 0]",61.2487,204.25615000000002,101.55000000000001,396.00000000000006,248.77500000000003,132.75242500000002,294.45000000000005,143.00745,99851.30048437603,0.0
svg/g_3/path_3,6,1.0,217.03703703703704,37.67441860465117,57.84313725490197,-1.0,-1.0,-1.0,0.0,"[0, 1, 0]",213.53875,482.3584375,650.25,990.0,820.125,347.94859375,339.75,268.8196875,15609.796054688282,0.0
svg/g_1/path_1,6,1.0,284.48979591836735,94.83870967741935,69.6078431372549,-1.0,-1.0,-1.0,0.0,"[0, 3, 0]",135.1661875,466.0725625,669.125,990.0,829.5625,300.619375,320.875,330.906375,24627.307839843445,0.0
