tag_name,tag,opacity,fill_h,fill_s,fill_l,stroke_h,stroke_s,stroke_l,stroke_width,layer,bbox_min_top,bbox_max_bottom,bbox_min_left,bbox_max_right,bbox_center_x,bbox_center_y,bbox_width,bbox_height,bbox_fill_area,bbox_stroke_area
svg/g_5/path_7,6,1.0,-1.0,-1.0,-1.0,0.0,0.0,90.19607843137256,1.0,"[0, 0, 0]",254.5,254.5,137.0,450.0,293.5,254.5,313.0,0.0,0.0,313.0
svg/g_5/path_6,6,1.0,-1.0,-1.0,-1.0,0.0,0.0,90.19607843137256,1.0,"[0, 0, 1]",192.5,192.5,137.0,450.0,293.5,192.5,313.0,0.0,0.0,313.0
svg/g_5/path_5,6,1.0,-1.0,-1.0,-1.0,0.0,0.0,90.19607843137256,1.0,"[0, 0, 2]",130.5,130.5,137.0,450.0,293.5,130.5,313.0,0.0,0.0,313.0
svg/g_5/path_4,6,1.0,-1.0,-1.0,-1.0,0.0,0.0,90.19607843137256,1.0,"[0, 0, 3]",68.5,68.5,137.0,450.0,293.5,68.5,313.0,0.0,0.0,313.0
svg/g/g_4/path_3,6,1.0,-1.0,-1.0,-1.0,202.5714285714286,99.05660377358491,58.43137254901961,2.0,"[0, 1, 0, 0]",86.993684693994,194.75548356382,140.0686274509809,446.93137254902,293.50000000000045,140.874584128907,306.8627450980391,107.76179886982601,2390.5030867117457,1654.7939682523233
svg/g/g_3/path_2,6,1.0,-1.0,-1.0,-1.0,242.54237288135596,50.42735042735044,54.117647058823536,2.0,"[0, 1, 1, 0]",103.036719175386,223.16354645566,140.0686274509809,446.93137254902,293.50000000000045,163.100132815523,306.8627450980391,120.126827280274,10241.360798648791,949.2818115534642
svg/g/g_2/path_1,6,1.0,-1.0,-1.0,-1.0,150.26548672566372,100.0,44.31372549019608,2.0,"[0, 1, 2, 0]",127.293015375666,240.17065675747,140.0686274509809,446.93137254902,293.50000000000045,183.731836066568,306.8627450980391,112.877641381804,3794.7611932535656,1792.4570133244065
svg/g/g_1/path,6,1.0,-1.0,-1.0,-1.0,15.82089552238806,99.01477832512315,60.19607843137255,2.0,"[0, 1, 3, 0]",96.5143159192,252.3003475,140.0686274509809,446.93137254902,293.50000000000045,174.4073317096,306.8627450980391,155.7860315808,11491.555607749848,767.8236941442227
