tag_name,tag,opacity,fill_h_cos,fill_h_sin,fill_s_n,fill_l_n,stroke_h_cos,stroke_h_sin,stroke_s_n,stroke_l_n,stroke_width,bbox_left_n,bbox_right_n,bbox_top_n,bbox_bottom_n,bbox_mds_1,bbox_mds_2,bbox_width_n,bbox_height_n,bbox_fill_area
svg/path_6,0.75,1.0,0.1480741935870441,0.14482648355966815,0.5000000000000001,0.5529411764705883,0.0,0.0,0.0,0.0,0.0,0.0,0.10313899569177817,0.4,1.0,0.7045186770920161,1.0,0.10313899569177817,0.6,0.8001362939427517
svg/path_5,0.75,1.0,1.0,0.5,1.0,0.3313725490196078,0.0,0.0,0.0,0.0,0.0,0.1494768487207535,0.25261584441253165,0.0,1.0,1.0,0.6798260826502331,0.1031389956917782,1.0,0.8368280164848636
svg/path_4,0.75,1.0,0.1480741935870441,0.14482648355966815,0.5000000000000001,0.5529411764705883,0.0,0.0,0.0,0.0,0.0,0.29895369744150696,0.4020926931332851,0.25,1.0,0.6445904698512124,0.598060878923055,0.10313899569177815,0.75,0.8161642835768729
svg/path_3,0.75,1.0,0.1480741935870441,0.14482648355966815,0.5000000000000001,0.5529411764705883,0.0,0.0,0.0,0.0,0.0,0.44843045814596116,0.5515694538377394,0.6,1.0,0.17014818132795462,0.5906039930284737,0.10313899569177815,0.4,0.7710126257620189
svg/path_2,0.75,1.0,0.1480741935870441,0.14482648355966815,0.5000000000000001,0.5529411764705883,0.0,0.0,0.0,0.0,0.0,0.5979073068667147,0.7010463025584929,0.65,1.0,0.0,0.4535299344844992,0.10313899569177815,0.35,0.7614214108879974
svg/path_1,0.75,1.0,0.1480741935870441,0.14482648355966815,0.5000000000000001,0.5529411764705883,0.0,0.0,0.0,0.0,0.0,0.7473841555874682,0.8505231512792464,0.45,1.0,0.037086762928059736,0.21878454124145316,0.10313899569177824,0.55,0.7938864407371437
svg/path,0.75,1.0,0.1480741935870441,0.14482648355966815,0.5000000000000001,0.5529411764705883,0.0,0.0,0.0,0.0,0.0,0.8968610043082217,1.0,0.35,1.0,0.09107328629550407,0.0,0.10313899569177824,0.65,0.8058856085640654
